symbol,resolution,time,open,high,low,close,volume,source
FPT,1D,2026-04-24 09:00:00,66.35,66.45,65.65,65.82,10459800,DNSE
FPT,1D,2026-04-28 09:00:00,65.82,66.72,65.37,66.72,9503800,DNSE
FPT,1D,2026-04-29 09:00:00,65.82,67.7,65.82,67.7,9163000,DNSE
FPT,1D,2026-05-04 09:00:00,67.16,67.35,66.0,66.09,8285900,DNSE
FPT,1D,2026-05-05 09:00:00,66.09,66.81,65.28,66.63,6841400,DNSE
FPT,1D,2026-05-06 09:00:00,66.54,66.54,65.46,65.73,9455600,DNSE
FPT,1D,2026-05-07 09:00:00,66.27,66.63,65.46,65.46,10186100,DNSE
FPT,1D,2026-05-08 09:00:00,65.65,65.73,64.47,64.47,13444300,DNSE
FPT,1D,2026-05-11 09:00:00,64.3,64.3,62.77,62.77,16909100,DNSE
FPT,1D,2026-05-12 09:00:00,62.86,64.12,62.77,63.31,8533300,DNSE
FPT,1D,2026-05-13 09:00:00,63.31,64.12,62.77,63.4,11517600,DNSE
FPT,1D,2026-05-14 09:00:00,63.75,67.53,63.67,66.27,21565500,DNSE
FPT,1D,2026-05-15 09:00:00,66.54,66.54,65.19,65.37,6386100,DNSE
FPT,1D,2026-05-18 09:00:00,65.37,67.53,64.56,67.16,18323700,DNSE
FPT,1D,2026-05-19 09:00:00,67.25,67.97,66.63,66.81,11279900,DNSE
FPT,1D,2026-05-20 09:00:00,67.07,70.39,65.28,69.67,25976600,DNSE
FPT,1D,2026-05-21 09:00:00,69.67,69.85,67.88,68.6,11809100,DNSE
FPT,1D,2026-05-22 09:00:00,68.87,69.59,67.35,67.35,11668800,DNSE
FPT,1D,2026-05-25 09:00:00,66.9,67.79,65.91,65.91,10441000,DNSE
FPT,1D,2026-05-26 09:00:00,66.0,66.9,66.0,66.81,5104800,DNSE
FPT,1D,2026-05-27 09:00:00,66.81,67.53,65.55,66.0,9176300,DNSE
FPT,1D,2026-05-28 09:00:00,66.18,66.45,64.73,64.73,10646900,DNSE
FPT,1D,2026-05-29 09:00:00,64.73,65.91,64.36,65.09,5446700,DNSE
FPT,1D,2026-06-01 09:00:00,65.64,66.73,65.55,66.27,5972700,DNSE
FPT,1D,2026-06-02 09:00:00,66.36,68.73,66.36,68.0,17368000,DNSE
FPT,1D,2026-06-03 09:00:00,68.27,70.64,68.18,69.55,25278600,DNSE
FPT,1D,2026-06-04 09:00:00,69.73,70.18,68.91,69.18,11304700,DNSE
FPT,1D,2026-06-05 09:00:00,69.09,69.09,67.55,68.18,11218100,DNSE
FPT,1D,2026-06-08 09:00:00,67.0,67.73,66.18,66.27,10914200,DNSE
FPT,1D,2026-06-09 09:00:00,66.73,67.45,66.0,67.0,7772300,DNSE
FPT,1D,2026-06-10 09:00:00,66.82,67.73,66.82,67.45,4736000,DNSE
FPT,1D,2026-06-11 09:00:00,67.18,67.18,66.45,66.45,3507300,DNSE
FPT,1D,2026-06-12 09:00:00,66.91,67.55,66.82,66.82,5688200,DNSE
FPT,1D,2026-06-15 09:00:00,67.64,68.36,66.82,66.91,6422700,DNSE
FPT,1D,2026-06-16 09:00:00,67.0,67.45,66.45,66.55,5819800,DNSE
FPT,1D,2026-06-17 09:00:00,66.64,66.73,65.64,65.73,10652200,DNSE
FPT,1D,2026-06-18 09:00:00,65.73,65.73,65.0,65.09,13665800,DNSE
FPT,1D,2026-06-19 09:00:00,65.09,65.27,64.36,65.0,14295100,DNSE
FPT,1D,2026-06-22 09:00:00,65.0,65.18,63.91,64.18,9260100,DNSE
FPT,1D,2026-06-23 09:00:00,64.45,65.27,64.27,64.36,5737500,DNSE
FPT,1D,2026-06-24 09:00:00,64.55,64.73,63.73,64.36,5968500,DNSE
FPT,1D,2026-06-25 09:00:00,64.55,65.18,64.36,64.55,6592100,DNSE
FPT,1D,2026-06-26 09:00:00,64.82,64.82,63.91,64.36,4333200,DNSE
FPT,1D,2026-06-29 09:00:00,64.27,64.36,63.82,64.0,4618200,DNSE
FPT,1D,2026-06-30 09:00:00,64.09,64.36,63.82,63.82,6075800,DNSE
FPT,1D,2026-07-01 09:00:00,64.0,66.55,63.91,66.27,11630500,DNSE
FPT,1D,2026-07-02 09:00:00,66.27,66.64,65.91,65.91,5690500,DNSE
FPT,1D,2026-07-03 09:00:00,65.91,66.45,65.18,65.73,7490500,DNSE
FPT,1D,2026-07-06 09:00:00,65.82,67.27,65.36,66.36,11200200,DNSE
FPT,1D,2026-07-07 09:00:00,66.36,67.0,65.91,66.55,4557200,DNSE
FPT,1D,2026-07-08 09:00:00,65.82,66.18,65.0,65.55,6741600,DNSE
FPT,1D,2026-07-09 09:00:00,65.27,66.36,65.18,65.55,4441900,DNSE
FPT,1D,2026-07-10 09:00:00,65.45,65.73,64.18,64.18,7937300,DNSE
FPT,1D,2026-07-13 09:00:00,63.91,64.82,63.82,64.09,7738400,DNSE
FPT,1D,2026-07-14 09:00:00,63.91,64.45,63.64,63.91,6626800,DNSE
FPT,1D,2026-07-15 09:00:00,64.0,64.0,60.73,60.73,21271900,DNSE
FPT,1D,2026-07-16 09:00:00,60.64,61.82,58.82,61.82,13030600,DNSE
FPT,1D,2026-07-17 09:00:00,62.09,62.18,60.91,60.91,3987800,DNSE
FPT,1D,2026-07-20 09:00:00,60.82,61.55,60.09,61.0,7346800,DNSE
FPT,1D,2026-07-21 09:00:00,60.45,61.73,58.91,58.91,7540400,DNSE
FPT,1D,2026-07-22 09:00:00,59.09,61.36,58.73,58.73,10060700,DNSE
FPT,1D,2026-07-23 09:00:00,59.09,59.73,58.36,58.82,6287300,DNSE
FPT,1D,2026-07-24 09:00:00,58.45,58.64,57.09,57.18,5804800,DNSE
FPT,1D,2026-07-27 09:00:00,57.36,57.91,56.55,56.55,4449500,DNSE
FPT,1D,2026-07-28 09:00:00,56.27,57.91,55.91,57.27,5399400,DNSE
FPT,1D,2026-07-29 09:00:00,57.27,59.36,56.82,59.18,6114000,DNSE
FPT,1D,2026-07-30 09:00:00,59.27,61.09,58.91,60.91,7571500,DNSE
FPT,1D,2026-07-31 09:00:00,61.09,61.73,60.45,61.0,6253600,DNSE
FPT,1D,2026-08-03 09:00:00,61.27,65.18,61.18,65.18,16279100,DNSE
FPT,1D,2026-08-04 09:00:00,65.82,66.64,64.82,65.0,6584300,DNSE
FPT,1D,2026-08-05 09:00:00,65.64,65.64,63.82,63.91,6877600,DNSE
FPT,1D,2026-08-06 09:00:00,64.0,64.91,64.0,64.27,4629700,DNSE
FPT,1D,2026-08-07 09:00:00,64.64,65.18,63.91,64.36,4301800,DNSE
FPT,1D,2026-08-10 09:00:00,64.45,65.45,64.27,65.27,5252100,DNSE
FPT,1D,2026-08-11 09:00:00,65.09,66.45,64.55,64.73,6936800,DNSE
FPT,1D,2026-08-12 09:00:00,64.73,65.36,64.18,64.36,3685600,DNSE
FPT,1D,2026-08-13 09:00:00,64.55,64.82,62.91,62.91,7458000,DNSE
FPT,1D,2026-08-14 09:00:00,63.0,63.27,61.82,62.09,7123800,DNSE
FPT,1D,2026-08-17 09:00:00,62.18,63.09,62.18,62.55,4104500,DNSE
FPT,1D,2026-08-18 09:00:00,62.55,63.0,62.0,62.73,3383800,DNSE
FPT,1D,2026-08-19 09:00:00,62.73,62.91,62.36,62.64,1821000,DNSE
FPT,1D,2026-08-20 09:00:00,62.82,63.91,62.82,63.45,4468100,DNSE
FPT,1D,2026-08-21 09:00:00,63.55,65.45,63.18,65.45,7035800,DNSE
FPT,1D,2026-08-24 09:00:00,65.91,66.09,64.91,64.91,4611900,DNSE
FPT,1D,2026-08-25 09:00:00,64.91,65.45,64.27,64.27,4690000,DNSE
FPT,1D,2026-08-26 09:00:00,64.27,66.27,64.27,66.0,10161300,DNSE
FPT,1D,2026-08-27 09:00:00,66.0,66.09,65.64,65.64,3542900,DNSE
FPT,1D,2026-08-28 09:00:00,65.64,67.27,65.64,66.55,10196800,DNSE
FPT,1D,2026-09-03 09:00:00,66.36,66.36,65.45,65.64,4098200,DNSE
FPT,1D,2026-09-04 09:00:00,65.91,66.36,65.82,66.18,3549500,DNSE
FPT,1D,2026-09-07 09:00:00,66.36,67.09,65.64,65.82,7020200,DNSE
FPT,1D,2026-09-08 09:00:00,65.82,65.91,65.45,65.64,4273000,DNSE
FPT,1D,2026-09-09 09:00:00,65.73,66.36,65.55,65.82,3680300,DNSE
FPT,1D,2026-09-10 09:00:00,65.73,68.0,65.64,67.73,11936600,DNSE
FPT,1D,2026-09-11 09:00:00,67.64,67.64,66.09,66.09,5655200,DNSE
FPT,1D,2026-09-14 09:00:00,66.18,66.91,65.45,65.82,4860300,DNSE
FPT,1D,2026-09-15 09:00:00,66.09,66.73,65.91,66.09,3977500,DNSE
FPT,1D,2026-09-16 09:00:00,66.18,67.09,65.0,67.09,7748100,DNSE
FPT,1D,2026-09-17 09:00:00,66.64,67.55,66.0,67.55,6626700,DNSE
FPT,1D,2026-09-18 09:00:00,67.73,68.0,65.18,65.18,15500700,DNSE
FPT,1D,2026-09-21 09:00:00,66.5,66.8,65.0,66.4,8401600,DNSE
FRT,1D,2026-04-24 09:00:00,140.0,140.95,136.48,137.62,369800,DNSE
FRT,1D,2026-04-28 09:00:00,137.62,140.48,136.19,140.48,470000,DNSE
FRT,1D,2026-04-29 09:00:00,139.43,141.9,138.1,141.9,325200,DNSE
FRT,1D,2026-05-04 09:00:00,140.29,141.52,139.71,140.95,155900,DNSE
FRT,1D,2026-05-05 09:00:00,139.71,141.81,139.14,141.81,148500,DNSE
FRT,1D,2026-05-06 09:00:00,140.29,141.62,140.29,140.76,226100,DNSE
FRT,1D,2026-05-07 09:00:00,140.67,142.29,138.67,138.76,316600,DNSE
FRT,1D,2026-05-08 09:00:00,138.76,140.38,136.86,138.1,374300,DNSE
FRT,1D,2026-05-11 09:00:00,137.05,138.1,131.43,131.43,674500,DNSE
FRT,1D,2026-05-12 09:00:00,133.33,135.05,130.38,131.71,393900,DNSE
FRT,1D,2026-05-13 09:00:00,130.48,132.38,130.48,130.95,187500,DNSE
FRT,1D,2026-05-14 09:00:00,130.95,134.19,129.52,129.52,424000,DNSE
FRT,1D,2026-05-15 09:00:00,129.62,131.52,127.62,127.62,368200,DNSE
FRT,1D,2026-05-18 09:00:00,127.62,128.38,126.57,127.62,427500,DNSE
FRT,1D,2026-05-19 09:00:00,127.62,129.05,126.38,126.38,398800,DNSE
FRT,1D,2026-05-20 09:00:00,126.29,126.29,122.38,125.71,618600,DNSE
FRT,1D,2026-05-21 09:00:00,126.67,126.76,124.29,125.14,366800,DNSE
FRT,1D,2026-05-22 09:00:00,124.76,125.24,123.14,123.14,213800,DNSE
FRT,1D,2026-05-25 09:00:00,124.57,124.57,123.33,123.9,267600,DNSE
FRT,1D,2026-05-26 09:00:00,124.1,124.1,123.33,124.0,212000,DNSE
FRT,1D,2026-05-27 09:00:00,124.0,124.76,123.62,124.76,181600,DNSE
FRT,1D,2026-05-28 09:00:00,124.76,125.05,123.81,124.76,324900,DNSE
FRT,1D,2026-05-29 09:00:00,124.67,124.67,123.43,124.0,200700,DNSE
FRT,1D,2026-06-01 09:00:00,123.62,123.81,121.05,121.05,359200,DNSE
FRT,1D,2026-06-02 09:00:00,121.05,124.67,121.05,121.62,331500,DNSE
FRT,1D,2026-06-03 09:00:00,121.43,122.19,120.67,122.0,399600,DNSE
FRT,1D,2026-06-04 09:00:00,121.9,121.9,119.43,120.95,452200,DNSE
FRT,1D,2026-06-05 09:00:00,120.95,121.9,113.33,118.86,528600,DNSE
FRT,1D,2026-06-08 09:00:00,117.14,119.05,116.57,118.57,385300,DNSE
FRT,1D,2026-06-09 09:00:00,118.76,118.86,115.33,116.57,662200,DNSE
FRT,1D,2026-06-10 09:00:00,116.48,116.48,114.29,115.24,678000,DNSE
FRT,1D,2026-06-11 09:00:00,115.14,115.24,113.33,113.33,490100,DNSE
FRT,1D,2026-06-12 09:00:00,113.43,117.05,113.43,115.24,260700,DNSE
FRT,1D,2026-06-15 09:00:00,116.86,118.1,114.76,117.9,215200,DNSE
FRT,1D,2026-06-16 09:00:00,120.0,125.71,118.86,124.67,1049100,DNSE
FRT,1D,2026-06-17 09:00:00,124.67,127.43,123.05,125.71,725900,DNSE
FRT,1D,2026-06-18 09:00:00,125.71,127.43,123.71,123.81,527000,DNSE
FRT,1D,2026-06-19 09:00:00,123.81,125.14,122.95,123.81,301500,DNSE
FRT,1D,2026-06-22 09:00:00,123.14,124.29,121.43,124.29,468400,DNSE
FRT,1D,2026-06-23 09:00:00,124.19,124.67,121.43,122.67,395800,DNSE
FRT,1D,2026-06-24 09:00:00,121.9,123.14,119.05,122.67,310800,DNSE
FRT,1D,2026-06-25 09:00:00,121.24,122.29,120.1,121.71,201000,DNSE
FRT,1D,2026-06-26 09:00:00,120.1,120.57,118.0,118.1,505400,DNSE
FRT,1D,2026-06-29 09:00:00,121.1,121.1,118.8,119.0,113600,DNSE
FRT,1D,2026-06-30 09:00:00,119.0,120.4,118.8,120.0,155200,DNSE
FRT,1D,2026-07-01 09:00:00,120.3,122.2,119.5,122.1,132200,DNSE
FRT,1D,2026-07-02 09:00:00,122.5,123.1,121.6,122.0,134300,DNSE
FRT,1D,2026-07-03 09:00:00,122.0,122.0,117.5,120.4,492800,DNSE
FRT,1D,2026-07-06 09:00:00,120.3,120.3,116.2,116.2,184800,DNSE
FRT,1D,2026-07-07 09:00:00,117.7,117.7,115.0,117.0,346900,DNSE
FRT,1D,2026-07-08 09:00:00,115.6,116.9,115.3,116.4,145500,DNSE
FRT,1D,2026-07-09 09:00:00,116.4,116.4,115.5,115.5,95600,DNSE
FRT,1D,2026-07-10 09:00:00,115.5,115.5,113.9,113.9,166800,DNSE
FRT,1D,2026-07-13 09:00:00,113.3,114.0,112.1,113.3,221000,DNSE
FRT,1D,2026-07-14 09:00:00,110.0,114.9,110.0,113.6,95800,DNSE
FRT,1D,2026-07-15 09:00:00,113.5,114.0,112.0,113.0,135100,DNSE
FRT,1D,2026-07-16 09:00:00,111.4,112.4,108.5,111.4,222700,DNSE
FRT,1D,2026-07-17 09:00:00,111.6,111.8,109.0,111.8,222400,DNSE
FRT,1D,2026-07-20 09:00:00,113.0,113.0,109.0,109.9,99800,DNSE
FRT,1D,2026-07-21 09:00:00,108.7,111.3,108.7,110.9,360400,DNSE
FRT,1D,2026-07-22 09:00:00,110.9,113.0,104.8,105.0,525600,DNSE
FRT,1D,2026-07-23 09:00:00,105.0,109.0,100.2,109.0,788600,DNSE
FRT,1D,2026-07-24 09:00:00,106.0,108.3,103.7,107.8,379500,DNSE
FRT,1D,2026-07-27 09:00:00,108.1,109.5,106.9,107.8,372900,DNSE
FRT,1D,2026-07-28 09:00:00,105.3,108.0,104.0,107.7,364900,DNSE
FRT,1D,2026-07-29 09:00:00,107.0,112.5,105.8,108.7,451300,DNSE
FRT,1D,2026-07-30 09:00:00,109.9,116.3,109.9,116.3,253700,DNSE
FRT,1D,2026-07-31 09:00:00,124.4,124.4,123.3,124.4,1254600,DNSE
FRT,1D,2026-08-03 09:00:00,126.0,133.1,125.9,133.1,1302200,DNSE
FRT,1D,2026-08-04 09:00:00,136.0,137.9,132.1,133.1,957900,DNSE
FRT,1D,2026-08-05 09:00:00,134.9,139.0,133.5,135.0,993100,DNSE
FRT,1D,2026-08-06 09:00:00,135.0,135.4,130.5,132.1,272000,DNSE
FRT,1D,2026-08-07 09:00:00,132.1,133.6,131.1,132.0,451000,DNSE
FRT,1D,2026-08-10 09:00:00,134.0,137.2,132.0,137.0,778600,DNSE
FRT,1D,2026-08-11 09:00:00,138.1,146.5,138.0,146.5,1428500,DNSE
FRT,1D,2026-08-12 09:00:00,148.0,148.5,145.0,148.0,931600,DNSE
FRT,1D,2026-08-13 09:00:00,147.3,147.9,143.1,146.9,408300,DNSE
FRT,1D,2026-08-14 09:00:00,142.1,144.8,141.8,142.9,825400,DNSE
FRT,1D,2026-08-17 09:00:00,143.2,147.0,138.0,147.0,921800,DNSE
FRT,1D,2026-08-18 09:00:00,147.0,151.5,145.1,145.1,325500,DNSE
FRT,1D,2026-08-19 09:00:00,142.0,149.6,142.0,143.0,768600,DNSE
FRT,1D,2026-08-20 09:00:00,142.9,147.0,142.1,145.0,426800,DNSE
FRT,1D,2026-08-21 09:00:00,144.8,147.5,140.6,143.5,469400,DNSE
FRT,1D,2026-08-24 09:00:00,143.0,148.0,142.6,147.5,461600,DNSE
FRT,1D,2026-08-25 09:00:00,146.0,146.5,144.0,145.0,143200,DNSE
FRT,1D,2026-08-26 09:00:00,144.9,144.9,142.9,142.9,275300,DNSE
FRT,1D,2026-08-27 09:00:00,142.9,146.5,142.9,145.9,411200,DNSE
FRT,1D,2026-08-28 09:00:00,145.7,145.9,143.5,145.9,202100,DNSE
FRT,1D,2026-09-03 09:00:00,144.2,144.2,142.9,142.9,182600,DNSE
FRT,1D,2026-09-04 09:00:00,142.0,143.9,139.0,142.7,250600,DNSE
FRT,1D,2026-09-07 09:00:00,143.0,143.0,136.4,136.4,315700,DNSE
FRT,1D,2026-09-08 09:00:00,136.4,140.5,136.4,139.5,231400,DNSE
FRT,1D,2026-09-09 09:00:00,139.5,142.5,137.5,140.5,230500,DNSE
FRT,1D,2026-09-10 09:00:00,140.4,143.0,140.0,140.0,455100,DNSE
FRT,1D,2026-09-11 09:00:00,139.8,139.8,136.0,137.0,274600,DNSE
FRT,1D,2026-09-14 09:00:00,137.0,138.5,127.5,133.0,831700,DNSE
FRT,1D,2026-09-15 09:00:00,131.6,136.0,129.0,129.0,285700,DNSE
FRT,1D,2026-09-16 09:00:00,129.5,133.3,128.0,128.0,401800,DNSE
FRT,1D,2026-09-17 09:00:00,128.1,132.3,128.1,130.0,408100,DNSE
FRT,1D,2026-09-18 09:00:00,131.5,133.7,130.1,130.9,443800,DNSE
FRT,1D,2026-09-21 09:00:00,131.0,132.0,130.0,130.1,237300,DNSE
GMD,1D,2026-04-24 09:00:00,72.1,73.46,72.1,72.88,2246700,DNSE
GMD,1D,2026-04-28 09:00:00,73.46,73.46,72.3,72.88,794200,DNSE
GMD,1D,2026-04-29 09:00:00,72.78,73.66,72.4,73.17,821700,DNSE
GMD,1D,2026-05-04 09:00:00,73.66,73.66,72.4,72.98,708200,DNSE
GMD,1D,2026-05-05 09:00:00,73.17,75.6,72.98,75.41,2691200,DNSE
GMD,1D,2026-05-06 09:00:00,75.51,76.28,75.21,76.19,1059400,DNSE
GMD,1D,2026-05-07 09:00:00,77.06,78.32,76.28,77.25,2649000,DNSE
GMD,1D,2026-05-08 09:00:00,77.45,78.71,76.38,78.42,1915800,DNSE
GMD,1D,2026-05-11 09:00:00,78.71,78.71,77.35,77.45,1714800,DNSE
GMD,1D,2026-05-12 09:00:00,77.35,79.68,76.96,79.3,1792800,DNSE
GMD,1D,2026-05-13 09:00:00,79.3,80.17,78.71,79.3,1525700,DNSE
GMD,1D,2026-05-14 09:00:00,79.2,79.49,78.62,79.0,1052000,DNSE
GMD,1D,2026-05-15 09:00:00,79.2,79.2,77.25,77.64,1161500,DNSE
GMD,1D,2026-05-18 09:00:00,77.64,78.52,77.35,77.45,892700,DNSE
GMD,1D,2026-05-19 09:00:00,77.35,77.94,76.28,76.67,1394700,DNSE
GMD,1D,2026-05-20 09:00:00,77.35,77.35,72.98,75.7,1354500,DNSE
GMD,1D,2026-05-21 09:00:00,76.1,76.3,73.7,74.5,661100,DNSE
GMD,1D,2026-05-22 09:00:00,74.4,74.6,72.9,73.6,849500,DNSE
GMD,1D,2026-05-25 09:00:00,73.5,75.3,73.0,74.6,537700,DNSE
GMD,1D,2026-05-26 09:00:00,75.1,76.0,74.0,75.5,834900,DNSE
GMD,1D,2026-05-27 09:00:00,76.5,76.5,73.6,74.9,1162200,DNSE
GMD,1D,2026-05-28 09:00:00,74.2,74.8,72.5,72.5,1055100,DNSE
GMD,1D,2026-05-29 09:00:00,72.5,73.0,72.0,72.3,320000,DNSE
GMD,1D,2026-06-01 09:00:00,72.3,73.3,71.9,73.3,360700,DNSE
GMD,1D,2026-06-02 09:00:00,73.3,73.3,72.2,73.3,657500,DNSE
GMD,1D,2026-06-03 09:00:00,73.0,73.8,72.2,73.3,933600,DNSE
GMD,1D,2026-06-04 09:00:00,72.5,77.1,72.5,76.1,1816600,DNSE
GMD,1D,2026-06-05 09:00:00,76.1,77.2,76.0,76.2,509700,DNSE
GMD,1D,2026-06-08 09:00:00,76.3,77.1,75.0,76.0,996500,DNSE
GMD,1D,2026-06-09 09:00:00,76.0,77.0,75.7,76.0,836500,DNSE
GMD,1D,2026-06-10 09:00:00,75.7,76.5,74.6,75.6,919600,DNSE
GMD,1D,2026-06-11 09:00:00,75.1,75.8,75.1,75.6,167200,DNSE
GMD,1D,2026-06-12 09:00:00,76.3,76.4,75.3,76.0,490300,DNSE
GMD,1D,2026-06-15 09:00:00,76.6,79.9,76.2,79.6,4151300,DNSE
GMD,1D,2026-06-16 09:00:00,79.9,80.0,78.8,79.6,611300,DNSE
GMD,1D,2026-06-17 09:00:00,79.9,79.9,78.4,78.8,761200,DNSE
GMD,1D,2026-06-18 09:00:00,78.9,79.0,77.3,77.6,930700,DNSE
GMD,1D,2026-06-19 09:00:00,78.5,78.5,75.8,77.0,1128600,DNSE
GMD,1D,2026-06-22 09:00:00,76.1,77.2,75.2,75.6,1123700,DNSE
GMD,1D,2026-06-23 09:00:00,75.9,76.9,75.2,76.4,826800,DNSE
GMD,1D,2026-06-24 09:00:00,76.0,76.3,74.5,75.0,715200,DNSE
GMD,1D,2026-06-25 09:00:00,74.8,75.2,72.8,73.0,1438200,DNSE
GMD,1D,2026-06-26 09:00:00,73.0,73.3,72.6,73.0,640300,DNSE
GMD,1D,2026-06-29 09:00:00,73.0,73.8,72.4,73.6,759300,DNSE
GMD,1D,2026-06-30 09:00:00,74.0,74.7,73.2,73.6,773500,DNSE
GMD,1D,2026-07-01 09:00:00,73.6,74.3,73.3,74.3,685700,DNSE
GMD,1D,2026-07-02 09:00:00,74.6,76.0,74.2,75.3,1585600,DNSE
GMD,1D,2026-07-03 09:00:00,75.0,76.5,73.9,76.4,1759700,DNSE
GMD,1D,2026-07-06 09:00:00,76.3,78.2,75.3,77.2,2115500,DNSE
GMD,1D,2026-07-07 09:00:00,77.2,77.3,75.8,76.0,1718400,DNSE
GMD,1D,2026-07-08 09:00:00,76.2,77.4,75.8,77.4,1249600,DNSE
GMD,1D,2026-07-09 09:00:00,77.0,77.1,76.1,76.1,810100,DNSE
GMD,1D,2026-07-10 09:00:00,74.4,76.5,73.4,75.3,2176400,DNSE
GMD,1D,2026-07-13 09:00:00,75.4,77.1,74.2,75.3,1519700,DNSE
GMD,1D,2026-07-14 09:00:00,75.3,77.8,75.0,77.5,2417600,DNSE
GMD,1D,2026-07-15 09:00:00,77.1,77.4,76.5,77.0,726100,DNSE
GMD,1D,2026-07-16 09:00:00,77.0,79.3,75.8,79.0,2607300,DNSE
GMD,1D,2026-07-17 09:00:00,79.0,79.0,76.4,77.5,990500,DNSE
GMD,1D,2026-07-20 09:00:00,76.7,77.1,75.3,76.0,923100,DNSE
GMD,1D,2026-07-21 09:00:00,76.0,77.4,75.7,76.0,874700,DNSE
GMD,1D,2026-07-22 09:00:00,75.7,76.3,72.0,72.0,2233100,DNSE
GMD,1D,2026-07-23 09:00:00,71.9,72.2,67.0,72.0,3404000,DNSE
GMD,1D,2026-07-24 09:00:00,72.0,73.2,70.6,73.2,1829400,DNSE
GMD,1D,2026-07-27 09:00:00,73.0,73.8,72.2,72.3,900100,DNSE
GMD,1D,2026-07-28 09:00:00,72.0,73.4,71.5,72.9,829700,DNSE
GMD,1D,2026-07-29 09:00:00,73.0,74.0,72.9,73.8,664000,DNSE
GMD,1D,2026-07-30 09:00:00,73.8,76.5,73.8,76.4,1393600,DNSE
GMD,1D,2026-07-31 09:00:00,77.0,77.0,74.5,77.0,2208100,DNSE
GMD,1D,2026-08-03 09:00:00,76.4,78.3,76.1,77.1,1094000,DNSE
GMD,1D,2026-08-04 09:00:00,77.2,77.4,76.2,76.5,503100,DNSE
GMD,1D,2026-08-05 09:00:00,76.9,77.2,75.8,76.2,1064800,DNSE
GMD,1D,2026-08-06 09:00:00,76.2,78.4,76.2,77.1,1066200,DNSE
GMD,1D,2026-08-07 09:00:00,76.9,77.9,76.9,77.2,579000,DNSE
GMD,1D,2026-08-10 09:00:00,78.3,82.0,77.3,78.2,3401300,DNSE
GMD,1D,2026-08-11 09:00:00,78.2,78.5,77.2,77.4,521800,DNSE
GMD,1D,2026-08-12 09:00:00,77.4,78.2,76.5,77.2,873200,DNSE
GMD,1D,2026-08-13 09:00:00,77.0,79.8,76.4,78.5,2129900,DNSE
GMD,1D,2026-08-14 09:00:00,78.4,79.8,78.3,78.7,1351300,DNSE
GMD,1D,2026-08-17 09:00:00,78.7,79.9,78.3,78.8,1731100,DNSE
GMD,1D,2026-08-18 09:00:00,79.0,79.8,78.7,79.5,2045500,DNSE
GMD,1D,2026-08-19 09:00:00,80.0,80.6,78.6,78.6,2130600,DNSE
GMD,1D,2026-08-20 09:00:00,78.7,78.9,77.0,77.0,1948800,DNSE
GMD,1D,2026-08-21 09:00:00,77.1,77.8,77.1,77.4,1388900,DNSE
GMD,1D,2026-08-24 09:00:00,77.8,78.4,77.4,77.5,646100,DNSE
GMD,1D,2026-08-25 09:00:00,77.5,78.7,77.1,78.7,1274400,DNSE
GMD,1D,2026-08-26 09:00:00,78.7,81.3,78.7,79.3,1937400,DNSE
GMD,1D,2026-08-27 09:00:00,79.7,80.1,79.2,79.8,450900,DNSE
GMD,1D,2026-08-28 09:00:00,79.8,80.1,79.2,79.5,646500,DNSE
GMD,1D,2026-09-03 09:00:00,79.5,79.5,77.6,77.6,917000,DNSE
GMD,1D,2026-09-04 09:00:00,78.0,78.4,77.3,77.4,737000,DNSE
GMD,1D,2026-09-07 09:00:00,77.5,78.0,76.8,76.8,618700,DNSE
GMD,1D,2026-09-08 09:00:00,76.8,77.2,75.0,75.0,934600,DNSE
GMD,1D,2026-09-09 09:00:00,75.0,76.5,75.0,75.6,492700,DNSE
GMD,1D,2026-09-10 09:00:00,75.7,76.0,75.1,75.2,289500,DNSE
GMD,1D,2026-09-11 09:00:00,75.2,76.0,74.2,74.6,1080800,DNSE
GMD,1D,2026-09-14 09:00:00,74.6,75.5,73.5,74.6,518100,DNSE
GMD,1D,2026-09-15 09:00:00,75.0,76.5,74.9,76.5,835700,DNSE
GMD,1D,2026-09-16 09:00:00,76.5,76.7,75.8,76.6,867100,DNSE
GMD,1D,2026-09-17 09:00:00,76.3,77.0,76.1,76.6,620500,DNSE
GMD,1D,2026-09-18 09:00:00,76.8,77.6,76.7,77.3,778100,DNSE
GMD,1D,2026-09-21 09:00:00,77.3,77.8,76.5,77.0,644500,DNSE
HPG,1D,2026-04-24 09:00:00,24.91,24.95,24.55,24.91,23402000,DNSE
HPG,1D,2026-04-28 09:00:00,24.82,25.0,24.73,24.77,14071500,DNSE
HPG,1D,2026-04-29 09:00:00,24.68,24.91,24.64,24.77,17239200,DNSE
HPG,1D,2026-05-04 09:00:00,24.77,24.95,24.46,24.64,32374300,DNSE
HPG,1D,2026-05-05 09:00:00,24.68,24.73,24.28,24.37,30692800,DNSE
HPG,1D,2026-05-06 09:00:00,24.46,24.82,24.37,24.64,27672000,DNSE
HPG,1D,2026-05-07 09:00:00,24.82,24.91,24.64,24.77,20348100,DNSE
HPG,1D,2026-05-08 09:00:00,24.77,24.91,24.6,24.86,20678200,DNSE
HPG,1D,2026-05-11 09:00:00,25.0,25.0,24.55,24.55,23658100,DNSE
HPG,1D,2026-05-12 09:00:00,24.55,24.73,24.41,24.45,19170900,DNSE
HPG,1D,2026-05-13 09:00:00,24.5,24.77,24.36,24.64,21544700,DNSE
HPG,1D,2026-05-14 09:00:00,24.82,24.91,24.59,24.59,14047100,DNSE
HPG,1D,2026-05-15 09:00:00,24.59,24.64,24.05,24.14,75838200,DNSE
HPG,1D,2026-05-18 09:00:00,24.09,24.27,23.86,24.05,27485500,DNSE
HPG,1D,2026-05-19 09:00:00,24.09,24.23,23.86,23.86,25111900,DNSE
HPG,1D,2026-05-20 09:00:00,23.91,24.0,23.41,23.82,40983800,DNSE
HPG,1D,2026-05-21 09:00:00,23.95,24.27,23.91,24.14,30562500,DNSE
HPG,1D,2026-05-22 09:00:00,24.18,24.23,23.95,23.95,25794000,DNSE
HPG,1D,2026-05-25 09:00:00,24.25,24.35,24.1,24.1,26989100,DNSE
HPG,1D,2026-05-26 09:00:00,24.1,24.25,24.0,24.25,20723700,DNSE
HPG,1D,2026-05-27 09:00:00,24.4,24.5,24.15,24.15,23114500,DNSE
HPG,1D,2026-05-28 09:00:00,24.15,24.25,24.0,24.0,15668300,DNSE
HPG,1D,2026-05-29 09:00:00,24.05,24.2,23.9,24.0,16365900,DNSE
HPG,1D,2026-06-01 09:00:00,24.0,24.15,23.95,24.05,9668300,DNSE
HPG,1D,2026-06-02 09:00:00,24.0,24.05,23.7,23.7,25529600,DNSE
HPG,1D,2026-06-03 09:00:00,23.7,24.15,23.6,24.15,20573500,DNSE
HPG,1D,2026-06-04 09:00:00,24.15,24.15,23.9,23.95,10065300,DNSE
HPG,1D,2026-06-05 09:00:00,23.95,24.05,23.75,23.75,13891200,DNSE
HPG,1D,2026-06-08 09:00:00,23.65,23.75,23.3,23.3,22769900,DNSE
HPG,1D,2026-06-09 09:00:00,23.35,23.55,23.3,23.55,12441700,DNSE
HPG,1D,2026-06-10 09:00:00,23.55,23.7,23.45,23.6,7505500,DNSE
HPG,1D,2026-06-11 09:00:00,23.5,23.55,23.3,23.3,10177700,DNSE
HPG,1D,2026-06-12 09:00:00,23.55,23.55,23.2,23.2,13271400,DNSE
HPG,1D,2026-06-15 09:00:00,23.55,24.35,23.55,24.35,30695200,DNSE
HPG,1D,2026-06-16 09:00:00,24.25,24.35,24.1,24.2,14145800,DNSE
HPG,1D,2026-06-17 09:00:00,24.2,24.3,24.0,24.0,19039000,DNSE
HPG,1D,2026-06-18 09:00:00,24.05,24.15,23.65,23.65,18040500,DNSE
HPG,1D,2026-06-19 09:00:00,23.8,23.9,23.6,23.6,20055700,DNSE
HPG,1D,2026-06-22 09:00:00,23.7,23.85,23.6,23.6,10684400,DNSE
HPG,1D,2026-06-23 09:00:00,23.65,23.7,23.3,23.3,29071800,DNSE
HPG,1D,2026-06-24 09:00:00,23.4,23.6,23.3,23.5,12927300,DNSE
HPG,1D,2026-06-25 09:00:00,23.5,23.6,23.4,23.4,7659100,DNSE
HPG,1D,2026-06-26 09:00:00,23.4,23.5,23.35,23.5,15468600,DNSE
HPG,1D,2026-06-29 09:00:00,23.55,23.65,23.45,23.65,14158200,DNSE
HPG,1D,2026-06-30 09:00:00,23.7,23.7,23.25,23.3,30593200,DNSE
HPG,1D,2026-07-01 09:00:00,23.4,23.55,23.35,23.45,14937400,DNSE
HPG,1D,2026-07-02 09:00:00,23.5,23.65,23.35,23.4,13367500,DNSE
HPG,1D,2026-07-03 09:00:00,23.4,23.5,23.25,23.25,15935100,DNSE
HPG,1D,2026-07-06 09:00:00,23.4,23.6,23.0,23.1,21299300,DNSE
HPG,1D,2026-07-07 09:00:00,23.2,23.25,23.0,23.1,13839600,DNSE
HPG,1D,2026-07-08 09:00:00,23.15,23.4,23.05,23.2,12499500,DNSE
HPG,1D,2026-07-09 09:00:00,23.2,23.25,23.1,23.2,11643400,DNSE
HPG,1D,2026-07-10 09:00:00,23.2,23.25,22.95,22.95,11906800,DNSE
HPG,1D,2026-07-13 09:00:00,22.95,22.95,22.35,22.4,32309000,DNSE
HPG,1D,2026-07-14 09:00:00,22.3,22.5,22.0,22.5,22481900,DNSE
HPG,1D,2026-07-15 09:00:00,22.5,22.6,22.15,22.4,21464500,DNSE
HPG,1D,2026-07-16 09:00:00,22.3,22.4,21.8,22.2,22880600,DNSE
HPG,1D,2026-07-17 09:00:00,22.2,22.35,21.85,21.85,17006300,DNSE
HPG,1D,2026-07-20 09:00:00,21.75,21.75,20.5,20.6,53245200,DNSE
HPG,1D,2026-07-21 09:00:00,20.5,21.15,20.5,20.8,27198700,DNSE
HPG,1D,2026-07-22 09:00:00,20.9,21.05,20.5,20.7,43471900,DNSE
HPG,1D,2026-07-23 09:00:00,20.7,21.0,20.15,20.8,36967600,DNSE
HPG,1D,2026-07-24 09:00:00,20.7,21.0,20.6,20.8,17632000,DNSE
HPG,1D,2026-07-27 09:00:00,20.9,21.0,20.3,20.35,18166800,DNSE
HPG,1D,2026-07-28 09:00:00,20.15,21.0,20.1,21.0,29151700,DNSE
HPG,1D,2026-07-29 09:00:00,21.05,21.65,20.9,21.65,36250000,DNSE
HPG,1D,2026-07-30 09:00:00,21.65,22.05,21.5,21.8,29968000,DNSE
HPG,1D,2026-07-31 09:00:00,21.8,21.85,21.4,21.7,24111500,DNSE
HPG,1D,2026-08-03 09:00:00,21.7,22.65,21.65,22.55,44448000,DNSE
HPG,1D,2026-08-04 09:00:00,22.55,22.6,22.1,22.15,22694000,DNSE
HPG,1D,2026-08-05 09:00:00,22.35,22.6,21.95,22.0,27963700,DNSE
HPG,1D,2026-08-06 09:00:00,22.25,22.3,21.85,21.85,14369400,DNSE
HPG,1D,2026-08-07 09:00:00,21.9,22.3,21.75,22.0,13018100,DNSE
HPG,1D,2026-08-10 09:00:00,22.25,22.3,21.95,22.1,16732700,DNSE
HPG,1D,2026-08-11 09:00:00,22.2,22.25,22.05,22.05,13694600,DNSE
HPG,1D,2026-08-12 09:00:00,22.0,22.35,21.95,22.1,15925100,DNSE
HPG,1D,2026-08-13 09:00:00,22.2,22.25,21.7,21.7,25702700,DNSE
HPG,1D,2026-08-14 09:00:00,21.7,21.8,21.2,21.25,27443600,DNSE
HPG,1D,2026-08-17 09:00:00,21.25,21.45,21.05,21.2,18455500,DNSE
HPG,1D,2026-08-18 09:00:00,21.15,21.4,21.0,21.0,16367500,DNSE
HPG,1D,2026-08-19 09:00:00,21.1,21.2,20.9,21.2,15312500,DNSE
HPG,1D,2026-08-20 09:00:00,21.25,21.45,21.15,21.15,15156400,DNSE
HPG,1D,2026-08-21 09:00:00,21.15,21.75,21.05,21.7,25138400,DNSE
HPG,1D,2026-08-24 09:00:00,22.0,22.3,21.85,22.25,28790200,DNSE
HPG,1D,2026-08-25 09:00:00,22.25,22.3,21.8,21.8,25844100,DNSE
HPG,1D,2026-08-26 09:00:00,21.8,22.1,21.75,22.05,19394800,DNSE
HPG,1D,2026-08-27 09:00:00,22.05,22.4,22.05,22.2,19201900,DNSE
HPG,1D,2026-08-28 09:00:00,22.25,22.35,22.05,22.1,17126700,DNSE
HPG,1D,2026-09-03 09:00:00,22.0,22.0,21.55,21.6,26985600,DNSE
HPG,1D,2026-09-04 09:00:00,21.75,21.8,21.6,21.7,13920900,DNSE
HPG,1D,2026-09-07 09:00:00,21.8,22.15,21.55,21.55,19957800,DNSE
HPG,1D,2026-09-08 09:00:00,21.55,21.9,21.55,21.85,13387600,DNSE
HPG,1D,2026-09-09 09:00:00,21.9,22.2,21.85,22.05,22432800,DNSE
HPG,1D,2026-09-10 09:00:00,22.0,22.05,21.8,21.85,13391400,DNSE
HPG,1D,2026-09-11 09:00:00,21.75,21.8,21.3,21.3,22031700,DNSE
HPG,1D,2026-09-14 09:00:00,21.3,21.4,20.85,20.9,24046000,DNSE
HPG,1D,2026-09-15 09:00:00,21.0,21.2,21.0,21.2,11937200,DNSE
HPG,1D,2026-09-16 09:00:00,21.2,21.25,20.95,20.95,12277500,DNSE
HPG,1D,2026-09-17 09:00:00,20.8,21.4,20.75,21.2,17574100,DNSE
HPG,1D,2026-09-18 09:00:00,21.45,21.55,21.3,21.55,31124900,DNSE
HPG,1D,2026-09-21 09:00:00,21.55,21.6,21.1,21.1,15824000,DNSE
MSN,1D,2026-04-24 09:00:00,79.0,79.6,77.2,77.2,7800700,DNSE
MSN,1D,2026-04-28 09:00:00,77.2,77.9,76.7,77.4,3730200,DNSE
MSN,1D,2026-04-29 09:00:00,77.0,77.4,76.1,76.8,4028900,DNSE
MSN,1D,2026-05-04 09:00:00,77.2,77.5,76.2,76.8,3381400,DNSE
MSN,1D,2026-05-05 09:00:00,76.9,78.4,76.6,76.6,4691700,DNSE
MSN,1D,2026-05-06 09:00:00,77.3,78.5,76.9,78.4,5808400,DNSE
MSN,1D,2026-05-07 09:00:00,79.7,82.3,79.2,81.0,15769900,DNSE
MSN,1D,2026-05-08 09:00:00,81.0,82.4,80.0,80.2,8819100,DNSE
MSN,1D,2026-05-11 09:00:00,80.8,80.8,77.5,77.5,8192600,DNSE
MSN,1D,2026-05-12 09:00:00,77.7,78.0,76.6,77.7,6062900,DNSE
MSN,1D,2026-05-13 09:00:00,77.7,79.3,77.5,78.9,6479900,DNSE
MSN,1D,2026-05-14 09:00:00,79.3,79.5,78.6,79.1,4324500,DNSE
MSN,1D,2026-05-15 09:00:00,79.1,79.1,77.1,77.5,4808600,DNSE
MSN,1D,2026-05-18 09:00:00,77.1,77.3,76.4,76.5,5621700,DNSE
MSN,1D,2026-05-19 09:00:00,76.8,77.4,76.3,76.5,5113200,DNSE
MSN,1D,2026-05-20 09:00:00,76.4,76.8,74.4,75.6,7861100,DNSE
MSN,1D,2026-05-21 09:00:00,76.0,76.9,75.8,76.2,3550000,DNSE
MSN,1D,2026-05-22 09:00:00,76.1,76.7,75.6,76.0,2603200,DNSE
MSN,1D,2026-05-25 09:00:00,76.0,77.3,75.7,77.2,4612600,DNSE
MSN,1D,2026-05-26 09:00:00,77.3,77.3,76.7,77.0,2637100,DNSE
MSN,1D,2026-05-27 09:00:00,77.3,77.5,76.5,76.5,3270300,DNSE
MSN,1D,2026-05-28 09:00:00,76.6,76.9,75.5,75.5,3042800,DNSE
MSN,1D,2026-05-29 09:00:00,75.8,75.8,74.7,74.7,3638900,DNSE
MSN,1D,2026-06-01 09:00:00,74.8,75.2,74.2,74.7,2089100,DNSE
MSN,1D,2026-06-02 09:00:00,74.7,74.8,73.2,73.2,3422300,DNSE
MSN,1D,2026-06-03 09:00:00,73.1,75.1,72.6,75.1,3872000,DNSE
MSN,1D,2026-06-04 09:00:00,74.9,74.9,73.9,74.0,1879100,DNSE
MSN,1D,2026-06-05 09:00:00,74.3,74.3,73.0,73.1,2864100,DNSE
MSN,1D,2026-06-08 09:00:00,72.4,72.7,70.8,70.8,5812600,DNSE
MSN,1D,2026-06-09 09:00:00,71.3,72.5,70.9,72.4,3417100,DNSE
MSN,1D,2026-06-10 09:00:00,72.2,72.3,71.6,71.9,1527900,DNSE
MSN,1D,2026-06-11 09:00:00,71.5,71.8,71.0,71.0,1778000,DNSE
MSN,1D,2026-06-12 09:00:00,72.0,72.2,71.1,71.1,2524400,DNSE
MSN,1D,2026-06-15 09:00:00,72.1,72.8,71.9,72.2,2829700,DNSE
MSN,1D,2026-06-16 09:00:00,72.5,73.2,72.2,73.0,1998300,DNSE
MSN,1D,2026-06-17 09:00:00,73.1,73.3,72.5,72.5,2463600,DNSE
MSN,1D,2026-06-18 09:00:00,72.5,73.2,72.1,72.1,2955300,DNSE
MSN,1D,2026-06-19 09:00:00,72.2,72.6,72.0,72.0,2203100,DNSE
MSN,1D,2026-06-22 09:00:00,72.6,72.6,71.5,71.5,1679500,DNSE
MSN,1D,2026-06-23 09:00:00,71.8,72.3,70.7,71.5,3924900,DNSE
MSN,1D,2026-06-24 09:00:00,71.4,71.6,70.6,71.5,2086700,DNSE
MSN,1D,2026-06-25 09:00:00,71.7,71.7,71.2,71.5,1092900,DNSE
MSN,1D,2026-06-26 09:00:00,71.4,71.5,70.9,71.4,1949700,DNSE
MSN,1D,2026-06-29 09:00:00,71.6,72.1,71.4,72.1,2189400,DNSE
MSN,1D,2026-06-30 09:00:00,72.2,72.7,71.6,72.1,2684100,DNSE
MSN,1D,2026-07-01 09:00:00,72.0,72.8,71.9,72.5,2278500,DNSE
MSN,1D,2026-07-02 09:00:00,72.8,73.1,71.9,72.4,3050700,DNSE
MSN,1D,2026-07-03 09:00:00,72.1,72.4,71.5,71.8,2721300,DNSE
MSN,1D,2026-07-06 09:00:00,71.6,71.8,69.2,70.5,4680200,DNSE
MSN,1D,2026-07-07 09:00:00,70.4,70.4,68.3,68.6,9695900,DNSE
MSN,1D,2026-07-08 09:00:00,68.4,69.7,67.5,69.0,10943100,DNSE
MSN,1D,2026-07-09 09:00:00,68.8,69.6,68.6,68.9,2298700,DNSE
MSN,1D,2026-07-10 09:00:00,68.6,69.1,68.1,68.8,2701100,DNSE
MSN,1D,2026-07-13 09:00:00,68.3,68.5,66.7,67.9,5488400,DNSE
MSN,1D,2026-07-14 09:00:00,67.3,68.4,67.1,68.4,2364800,DNSE
MSN,1D,2026-07-15 09:00:00,68.4,68.5,67.4,68.0,2633500,DNSE
MSN,1D,2026-07-16 09:00:00,67.5,68.0,66.7,68.0,3440100,DNSE
MSN,1D,2026-07-17 09:00:00,67.8,68.2,67.4,68.0,2752400,DNSE
MSN,1D,2026-07-20 09:00:00,67.8,67.8,64.6,64.8,6394700,DNSE
MSN,1D,2026-07-21 09:00:00,64.5,66.1,64.5,64.9,4693800,DNSE
MSN,1D,2026-07-22 09:00:00,65.5,67.0,63.5,63.9,9078900,DNSE
MSN,1D,2026-07-23 09:00:00,63.9,64.6,61.7,64.0,5065800,DNSE
MSN,1D,2026-07-24 09:00:00,63.9,64.0,62.8,63.9,3341400,DNSE
MSN,1D,2026-07-27 09:00:00,65.0,65.1,63.5,63.9,4605200,DNSE
MSN,1D,2026-07-28 09:00:00,63.2,66.4,63.2,65.7,5574000,DNSE
MSN,1D,2026-07-29 09:00:00,65.8,66.6,65.1,66.3,3692600,DNSE
MSN,1D,2026-07-30 09:00:00,66.0,68.1,65.9,67.9,4858200,DNSE
MSN,1D,2026-07-31 09:00:00,67.9,67.9,66.1,66.1,3736800,DNSE
MSN,1D,2026-08-03 09:00:00,66.5,68.3,66.4,68.2,4348300,DNSE
MSN,1D,2026-08-04 09:00:00,68.4,68.6,67.7,68.4,3115600,DNSE
MSN,1D,2026-08-05 09:00:00,68.8,69.4,67.0,67.2,4183900,DNSE
MSN,1D,2026-08-06 09:00:00,67.5,67.5,66.4,66.5,2286900,DNSE
MSN,1D,2026-08-07 09:00:00,66.3,67.8,66.2,67.4,3169000,DNSE
MSN,1D,2026-08-10 09:00:00,67.4,68.1,66.9,67.7,3056100,DNSE
MSN,1D,2026-08-11 09:00:00,67.8,68.2,67.1,67.1,2876400,DNSE
MSN,1D,2026-08-12 09:00:00,67.2,67.8,66.9,67.2,2039300,DNSE
MSN,1D,2026-08-13 09:00:00,67.5,68.3,67.4,67.6,5681100,DNSE
MSN,1D,2026-08-14 09:00:00,67.4,67.9,65.8,66.3,6325400,DNSE
MSN,1D,2026-08-17 09:00:00,66.3,66.9,65.9,66.9,3306800,DNSE
MSN,1D,2026-08-18 09:00:00,66.9,67.3,66.1,66.8,2283000,DNSE
MSN,1D,2026-08-19 09:00:00,66.7,66.8,65.5,66.4,3507000,DNSE
MSN,1D,2026-08-20 09:00:00,66.5,68.9,66.3,68.1,7132100,DNSE
MSN,1D,2026-08-21 09:00:00,68.2,70.2,67.9,69.8,7435200,DNSE
MSN,1D,2026-08-24 09:00:00,70.7,70.8,69.5,70.0,4715100,DNSE
MSN,1D,2026-08-25 09:00:00,70.0,70.5,69.0,69.5,4643500,DNSE
MSN,1D,2026-08-26 09:00:00,69.5,70.3,69.1,70.1,3819500,DNSE
MSN,1D,2026-08-27 09:00:00,70.3,71.1,69.6,70.2,4810800,DNSE
MSN,1D,2026-08-28 09:00:00,70.5,70.6,69.8,70.2,3335400,DNSE
MSN,1D,2026-09-03 09:00:00,69.5,69.6,68.3,69.0,5466400,DNSE
MSN,1D,2026-09-04 09:00:00,68.5,69.1,68.5,69.0,2788500,DNSE
MSN,1D,2026-09-07 09:00:00,69.0,69.0,68.1,68.6,3682300,DNSE
MSN,1D,2026-09-08 09:00:00,68.4,68.6,68.1,68.4,3124600,DNSE
MSN,1D,2026-09-09 09:00:00,68.4,69.3,68.2,68.4,2252400,DNSE
MSN,1D,2026-09-10 09:00:00,68.0,69.0,68.0,68.7,3106400,DNSE
MSN,1D,2026-09-11 09:00:00,68.6,68.7,66.5,66.5,4606000,DNSE
MSN,1D,2026-09-14 09:00:00,66.7,67.0,65.3,66.6,4250500,DNSE
MSN,1D,2026-09-15 09:00:00,66.6,67.4,66.4,67.4,2104100,DNSE
MSN,1D,2026-09-16 09:00:00,67.4,67.6,66.7,67.4,2600100,DNSE
MSN,1D,2026-09-17 09:00:00,67.1,68.2,66.9,67.7,3300000,DNSE
MSN,1D,2026-09-18 09:00:00,68.2,69.5,68.2,68.4,7484800,DNSE
MSN,1D,2026-09-21 09:00:00,69.2,69.3,67.1,67.7,3631900,DNSE
MWG,1D,2026-04-24 09:00:00,83.2,83.89,82.22,82.22,4634400,DNSE
MWG,1D,2026-04-28 09:00:00,82.42,84.58,82.42,84.29,5380700,DNSE
MWG,1D,2026-04-29 09:00:00,83.7,84.39,82.71,82.71,4897200,DNSE
MWG,1D,2026-05-04 09:00:00,83.4,84.09,82.12,83.6,6372100,DNSE
MWG,1D,2026-05-05 09:00:00,83.3,84.09,82.81,83.5,4720200,DNSE
MWG,1D,2026-05-06 09:00:00,83.89,85.07,83.6,84.68,6696800,DNSE
MWG,1D,2026-05-07 09:00:00,84.88,86.06,84.68,84.68,6344700,DNSE
MWG,1D,2026-05-08 09:00:00,84.39,84.58,83.3,83.3,4605300,DNSE
MWG,1D,2026-05-11 09:00:00,83.01,83.89,82.22,82.22,5716900,DNSE
MWG,1D,2026-05-12 09:00:00,82.22,83.01,81.33,82.51,4934800,DNSE
MWG,1D,2026-05-13 09:00:00,82.71,83.01,81.43,82.42,3536900,DNSE
MWG,1D,2026-05-14 09:00:00,82.42,83.3,81.92,82.91,4001800,DNSE
MWG,1D,2026-05-15 09:00:00,83.2,83.3,80.74,80.74,6691900,DNSE
MWG,1D,2026-05-18 09:00:00,80.74,80.74,77.79,77.79,11953700,DNSE
MWG,1D,2026-05-19 09:00:00,77.99,78.48,76.9,77.0,7953500,DNSE
MWG,1D,2026-05-20 09:00:00,77.0,77.59,73.06,76.02,8786000,DNSE
MWG,1D,2026-05-21 09:00:00,77.0,78.28,76.51,78.28,6597700,DNSE
MWG,1D,2026-05-22 09:00:00,78.97,79.76,77.89,78.18,6083900,DNSE
MWG,1D,2026-05-25 09:00:00,78.87,78.87,77.2,77.49,2510300,DNSE
MWG,1D,2026-05-26 09:00:00,77.79,78.18,77.1,77.3,2518800,DNSE
MWG,1D,2026-05-27 09:00:00,77.89,79.17,77.59,78.77,4631100,DNSE
MWG,1D,2026-05-28 09:00:00,78.77,79.07,76.51,76.51,4026400,DNSE
MWG,1D,2026-05-29 09:00:00,76.51,77.1,74.64,75.13,7834500,DNSE
MWG,1D,2026-06-01 09:00:00,75.33,77.89,75.33,77.89,3799400,DNSE
MWG,1D,2026-06-02 09:00:00,78.18,78.18,76.31,76.71,2969500,DNSE
MWG,1D,2026-06-03 09:00:00,76.61,77.3,75.72,77.3,4801100,DNSE
MWG,1D,2026-06-04 09:00:00,77.3,77.3,75.82,77.2,4308300,DNSE
MWG,1D,2026-06-05 09:00:00,77.3,77.69,76.41,76.8,3241800,DNSE
MWG,1D,2026-06-08 09:00:00,75.82,76.11,75.13,75.23,4633800,DNSE
MWG,1D,2026-06-09 09:00:00,75.33,76.31,75.13,76.21,1770800,DNSE
MWG,1D,2026-06-10 09:00:00,75.92,77.1,75.43,77.0,2866200,DNSE
MWG,1D,2026-06-11 09:00:00,77.1,77.3,75.72,75.72,3302700,DNSE
MWG,1D,2026-06-12 09:00:00,76.61,76.61,75.13,75.23,4139700,DNSE
MWG,1D,2026-06-15 09:00:00,75.82,78.48,75.82,78.18,7871700,DNSE
MWG,1D,2026-06-16 09:00:00,78.18,78.58,77.59,78.18,3183300,DNSE
MWG,1D,2026-06-17 09:00:00,78.08,78.58,77.49,77.89,4068800,DNSE
MWG,1D,2026-06-18 09:00:00,77.39,77.79,76.8,77.49,3234500,DNSE
MWG,1D,2026-06-19 09:00:00,77.49,77.69,76.31,76.8,2425600,DNSE
MWG,1D,2026-06-22 09:00:00,76.8,76.8,75.82,76.02,2992900,DNSE
MWG,1D,2026-06-23 09:00:00,75.92,76.02,74.83,74.83,6295100,DNSE
MWG,1D,2026-06-24 09:00:00,74.83,76.61,73.85,76.61,4218000,DNSE
MWG,1D,2026-06-25 09:00:00,75.92,76.31,75.52,76.02,3553800,DNSE
MWG,1D,2026-06-26 09:00:00,75.92,77.3,75.33,77.3,4859300,DNSE
MWG,1D,2026-06-29 09:00:00,77.2,77.99,76.9,77.79,4268900,DNSE
MWG,1D,2026-06-30 09:00:00,77.59,77.79,76.41,76.9,4008800,DNSE
MWG,1D,2026-07-01 09:00:00,76.8,78.77,76.51,78.77,6029400,DNSE
MWG,1D,2026-07-02 09:00:00,78.97,80.15,78.18,78.48,4640200,DNSE
MWG,1D,2026-07-03 09:00:00,78.38,78.38,77.1,77.69,3276600,DNSE
MWG,1D,2026-07-06 09:00:00,77.39,77.59,75.52,76.8,4935700,DNSE
MWG,1D,2026-07-07 09:00:00,76.9,77.1,76.21,76.31,2154600,DNSE
MWG,1D,2026-07-08 09:00:00,76.31,77.99,76.11,77.59,3145900,DNSE
MWG,1D,2026-07-09 09:00:00,77.2,77.3,76.61,77.3,1582900,DNSE
MWG,1D,2026-07-10 09:00:00,77.69,77.69,75.43,75.43,3169000,DNSE
MWG,1D,2026-07-13 09:00:00,75.62,76.11,74.83,74.83,3721700,DNSE
MWG,1D,2026-07-14 09:00:00,74.64,75.62,74.05,75.62,2788000,DNSE
MWG,1D,2026-07-15 09:00:00,75.62,75.62,74.64,75.03,1802400,DNSE
MWG,1D,2026-07-16 09:00:00,75.03,75.52,73.85,75.52,4353900,DNSE
MWG,1D,2026-07-17 09:00:00,75.33,75.52,74.74,75.52,1827000,DNSE
MWG,1D,2026-07-20 09:00:00,75.72,75.72,72.87,74.05,7676900,DNSE
MWG,1D,2026-07-21 09:00:00,73.95,75.23,73.16,74.74,2872900,DNSE
MWG,1D,2026-07-22 09:00:00,74.74,74.83,69.52,69.52,13474000,DNSE
MWG,1D,2026-07-23 09:00:00,69.42,70.6,66.07,70.4,9066200,DNSE
MWG,1D,2026-07-24 09:00:00,68.53,69.81,66.96,66.96,3613700,DNSE
MWG,1D,2026-07-27 09:00:00,67.45,67.94,62.33,62.33,7694800,DNSE
MWG,1D,2026-07-28 09:00:00,62.92,64.89,61.54,64.2,6958300,DNSE
MWG,1D,2026-07-29 09:00:00,65.0,67.8,64.6,66.5,4613000,DNSE
MWG,1D,2026-07-30 09:00:00,66.5,70.9,66.1,69.8,8424500,DNSE
MWG,1D,2026-07-31 09:00:00,70.5,70.5,68.5,69.9,4562900,DNSE
MWG,1D,2026-08-03 09:00:00,70.0,73.0,69.9,72.5,5091200,DNSE
MWG,1D,2026-08-04 09:00:00,72.2,72.9,71.4,72.1,3706800,DNSE
MWG,1D,2026-08-05 09:00:00,72.4,72.9,71.0,72.2,3955700,DNSE
MWG,1D,2026-08-06 09:00:00,71.5,71.9,69.8,71.2,5330100,DNSE
MWG,1D,2026-08-07 09:00:00,71.3,71.6,70.2,71.0,3084600,DNSE
MWG,1D,2026-08-10 09:00:00,71.0,73.8,70.7,73.0,4628400,DNSE
MWG,1D,2026-08-11 09:00:00,72.3,74.0,72.3,73.2,3120600,DNSE
MWG,1D,2026-08-12 09:00:00,73.3,74.2,73.2,74.0,3065700,DNSE
MWG,1D,2026-08-13 09:00:00,74.0,74.7,72.8,73.6,2669200,DNSE
MWG,1D,2026-08-14 09:00:00,73.1,73.5,72.2,72.4,3164500,DNSE
MWG,1D,2026-08-17 09:00:00,72.3,74.2,71.8,73.5,2140400,DNSE
MWG,1D,2026-08-18 09:00:00,73.6,73.9,72.1,72.8,1649500,DNSE
MWG,1D,2026-08-19 09:00:00,72.7,72.7,71.2,72.2,1995300,DNSE
MWG,1D,2026-08-20 09:00:00,72.3,73.2,71.9,72.7,2493500,DNSE
MWG,1D,2026-08-21 09:00:00,72.5,75.1,71.8,75.0,4995900,DNSE
MWG,1D,2026-08-24 09:00:00,75.5,75.6,74.6,75.1,2470100,DNSE
MWG,1D,2026-08-25 09:00:00,75.0,75.3,73.8,73.9,2556400,DNSE
MWG,1D,2026-08-26 09:00:00,73.9,75.5,73.2,75.5,2162400,DNSE
MWG,1D,2026-08-27 09:00:00,75.5,75.9,74.8,75.9,2305700,DNSE
MWG,1D,2026-08-28 09:00:00,75.7,75.7,74.8,75.0,2717400,DNSE
MWG,1D,2026-09-03 09:00:00,74.0,74.6,73.2,73.2,2383900,DNSE
MWG,1D,2026-09-04 09:00:00,73.2,73.6,72.8,73.1,2437300,DNSE
MWG,1D,2026-09-07 09:00:00,73.1,73.5,71.4,72.0,3872100,DNSE
MWG,1D,2026-09-08 09:00:00,71.6,72.9,71.2,72.3,1707500,DNSE
MWG,1D,2026-09-09 09:00:00,72.3,72.6,71.4,71.6,1420300,DNSE
MWG,1D,2026-09-10 09:00:00,71.6,73.3,71.2,72.9,2496200,DNSE
MWG,1D,2026-09-11 09:00:00,72.5,72.5,71.3,71.3,2587600,DNSE
MWG,1D,2026-09-14 09:00:00,71.3,71.5,68.6,69.8,3246500,DNSE
MWG,1D,2026-09-15 09:00:00,69.8,71.2,69.8,71.2,1893100,DNSE
MWG,1D,2026-09-16 09:00:00,71.0,71.6,70.3,71.5,2017700,DNSE
MWG,1D,2026-09-17 09:00:00,71.0,73.5,70.8,73.1,4079900,DNSE
MWG,1D,2026-09-18 09:00:00,73.1,73.5,72.4,72.5,1909000,DNSE
MWG,1D,2026-09-21 09:00:00,72.5,72.5,71.0,71.7,2254400,DNSE
PNJ,1D,2026-04-24 09:00:00,71.9,72.4,69.0,70.0,1338800,DNSE
PNJ,1D,2026-04-28 09:00:00,70.1,70.1,66.9,67.0,1616500,DNSE
PNJ,1D,2026-04-29 09:00:00,67.5,69.0,67.0,67.3,2045300,DNSE
PNJ,1D,2026-05-04 09:00:00,67.6,68.9,67.6,68.3,1225800,DNSE
PNJ,1D,2026-05-05 09:00:00,68.3,68.3,67.2,67.4,1150100,DNSE
PNJ,1D,2026-05-06 09:00:00,68.1,68.1,67.2,68.0,1205200,DNSE
PNJ,1D,2026-05-07 09:00:00,68.2,70.0,68.1,69.1,1209000,DNSE
PNJ,1D,2026-05-08 09:00:00,69.1,70.1,69.1,70.1,986700,DNSE
PNJ,1D,2026-05-11 09:00:00,70.1,70.2,68.6,69.1,1038900,DNSE
PNJ,1D,2026-05-12 09:00:00,69.2,69.5,68.2,69.5,644500,DNSE
PNJ,1D,2026-05-13 09:00:00,69.5,70.0,68.9,69.6,459800,DNSE
PNJ,1D,2026-05-14 09:00:00,69.6,69.6,68.3,69.5,669200,DNSE
PNJ,1D,2026-05-15 09:00:00,69.1,69.1,67.1,67.3,1447200,DNSE
PNJ,1D,2026-05-18 09:00:00,67.1,67.1,64.5,64.7,2277600,DNSE
PNJ,1D,2026-05-19 09:00:00,64.3,66.7,64.3,65.0,1273000,DNSE
PNJ,1D,2026-05-20 09:00:00,64.5,66.1,63.4,65.8,1042000,DNSE
PNJ,1D,2026-05-21 09:00:00,65.9,66.1,64.7,65.3,855200,DNSE
PNJ,1D,2026-05-22 09:00:00,65.3,65.7,64.4,65.5,952100,DNSE
PNJ,1D,2026-05-25 09:00:00,66.0,66.0,64.3,64.3,710200,DNSE
PNJ,1D,2026-05-26 09:00:00,64.8,65.4,64.1,65.2,762200,DNSE
PNJ,1D,2026-05-27 09:00:00,65.0,65.6,65.0,65.3,514200,DNSE
PNJ,1D,2026-05-28 09:00:00,65.3,66.2,64.5,65.9,958700,DNSE
PNJ,1D,2026-05-29 09:00:00,65.3,66.1,64.9,65.8,738800,DNSE
PNJ,1D,2026-06-01 09:00:00,65.8,66.0,65.0,65.8,414900,DNSE
PNJ,1D,2026-06-02 09:00:00,65.2,65.7,64.6,65.0,694300,DNSE
PNJ,1D,2026-06-03 09:00:00,65.2,65.7,64.5,65.4,433300,DNSE
PNJ,1D,2026-06-04 09:00:00,65.4,65.5,64.3,65.0,660300,DNSE
PNJ,1D,2026-06-05 09:00:00,65.0,65.7,64.5,65.7,672500,DNSE
PNJ,1D,2026-06-08 09:00:00,64.7,65.5,64.6,65.1,1098900,DNSE
PNJ,1D,2026-06-09 09:00:00,64.8,64.9,63.5,64.8,1099300,DNSE
PNJ,1D,2026-06-10 09:00:00,63.9,64.7,63.6,64.0,878500,DNSE
PNJ,1D,2026-06-11 09:00:00,63.4,63.4,61.7,62.0,1190100,DNSE
PNJ,1D,2026-06-12 09:00:00,62.8,63.3,62.0,62.0,783600,DNSE
PNJ,1D,2026-06-15 09:00:00,63.1,65.2,63.1,65.0,1400200,DNSE
PNJ,1D,2026-06-16 09:00:00,64.9,68.5,64.5,68.2,2527000,DNSE
PNJ,1D,2026-06-17 09:00:00,68.4,68.4,66.9,68.0,915200,DNSE
PNJ,1D,2026-06-18 09:00:00,67.5,68.0,66.9,68.0,799900,DNSE
PNJ,1D,2026-06-19 09:00:00,66.8,67.9,66.8,67.1,668200,DNSE
PNJ,1D,2026-06-22 09:00:00,65.0,66.0,64.8,66.0,1405400,DNSE
PNJ,1D,2026-06-23 09:00:00,66.4,66.4,64.9,65.2,659700,DNSE
PNJ,1D,2026-06-24 09:00:00,64.8,66.0,64.4,65.5,724500,DNSE
PNJ,1D,2026-06-25 09:00:00,65.0,65.0,63.8,64.1,804500,DNSE
PNJ,1D,2026-06-26 09:00:00,63.6,63.8,62.7,63.5,542200,DNSE
PNJ,1D,2026-06-29 09:00:00,63.5,63.6,62.7,63.2,636200,DNSE
PNJ,1D,2026-06-30 09:00:00,63.1,63.2,62.3,63.0,715400,DNSE
PNJ,1D,2026-07-01 09:00:00,62.5,63.4,62.5,62.7,586500,DNSE
PNJ,1D,2026-07-02 09:00:00,63.0,64.8,62.8,63.1,2175200,DNSE
PNJ,1D,2026-07-03 09:00:00,58.7,58.7,58.7,58.7,1185500,DNSE
PNJ,1D,2026-07-06 09:00:00,54.6,54.6,54.6,54.6,565000,DNSE
PNJ,1D,2026-07-07 09:00:00,50.8,50.8,50.8,50.8,994200,DNSE
PNJ,1D,2026-07-08 09:00:00,47.25,52.0,47.25,52.0,25605600,DNSE
PNJ,1D,2026-07-09 09:00:00,52.0,54.0,50.0,50.0,4764300,DNSE
PNJ,1D,2026-07-10 09:00:00,49.7,49.8,46.5,46.6,10169700,DNSE
PNJ,1D,2026-07-13 09:00:00,45.9,46.5,43.75,43.85,6681400,DNSE
PNJ,1D,2026-07-14 09:00:00,43.9,46.9,43.8,46.9,5620000,DNSE
PNJ,1D,2026-07-15 09:00:00,46.8,46.8,43.65,43.65,8168200,DNSE
PNJ,1D,2026-07-16 09:00:00,41.7,42.75,40.6,40.9,14681800,DNSE
PNJ,1D,2026-07-17 09:00:00,41.5,43.0,40.5,43.0,7504500,DNSE
PNJ,1D,2026-07-20 09:00:00,43.35,43.35,40.6,41.0,5780000,DNSE
PNJ,1D,2026-07-21 09:00:00,40.9,41.5,38.15,38.15,9655900,DNSE
PNJ,1D,2026-07-22 09:00:00,35.5,36.95,35.5,35.5,7538000,DNSE
PNJ,1D,2026-07-23 09:00:00,33.05,33.05,33.05,33.05,586700,DNSE
PNJ,1D,2026-07-24 09:00:00,30.75,32.05,30.75,30.75,41349200,DNSE
PNJ,1D,2026-07-27 09:00:00,30.95,32.9,30.9,32.9,10257100,DNSE
PNJ,1D,2026-07-28 09:00:00,33.1,35.2,32.65,32.65,20423300,DNSE
PNJ,1D,2026-07-29 09:00:00,32.9,33.9,32.45,32.75,7236500,DNSE
PNJ,1D,2026-07-30 09:00:00,32.75,33.45,31.8,32.5,7820300,DNSE
PNJ,1D,2026-07-31 09:00:00,30.35,31.25,30.25,31.0,17734700,DNSE
PNJ,1D,2026-08-03 09:00:00,31.2,33.15,31.2,33.15,8005300,DNSE
PNJ,1D,2026-08-04 09:00:00,34.0,35.45,34.0,35.45,10647300,DNSE
PNJ,1D,2026-08-05 09:00:00,37.25,37.9,36.75,37.9,7807700,DNSE
PNJ,1D,2026-08-06 09:00:00,39.1,39.7,36.2,36.45,8463700,DNSE
PNJ,1D,2026-08-07 09:00:00,36.1,37.9,35.1,36.0,3949500,DNSE
PNJ,1D,2026-08-10 09:00:00,35.4,36.4,34.55,35.95,2725500,DNSE
PNJ,1D,2026-08-11 09:00:00,36.3,36.75,34.85,34.85,3197000,DNSE
PNJ,1D,2026-08-12 09:00:00,35.1,35.6,34.85,35.05,2360000,DNSE
PNJ,1D,2026-08-13 09:00:00,35.6,35.75,35.15,35.3,2472100,DNSE
PNJ,1D,2026-08-14 09:00:00,35.35,37.5,35.25,36.5,4771400,DNSE
PNJ,1D,2026-08-17 09:00:00,36.6,37.0,35.6,36.2,2983300,DNSE
PNJ,1D,2026-08-18 09:00:00,36.2,36.25,34.85,35.05,4749600,DNSE
PNJ,1D,2026-08-19 09:00:00,35.35,36.6,34.6,35.7,3352700,DNSE
PNJ,1D,2026-08-20 09:00:00,36.5,37.8,36.5,37.3,5683400,DNSE
PNJ,1D,2026-08-21 09:00:00,39.9,39.9,39.9,39.9,4043900,DNSE
PNJ,1D,2026-08-24 09:00:00,42.65,42.65,42.65,42.65,1143100,DNSE
PNJ,1D,2026-08-25 09:00:00,45.55,45.55,40.8,42.65,22381900,DNSE
PNJ,1D,2026-08-26 09:00:00,42.75,43.45,42.3,43.1,5908700,DNSE
PNJ,1D,2026-08-27 09:00:00,43.15,43.25,41.4,41.9,6328700,DNSE
PNJ,1D,2026-08-28 09:00:00,42.0,42.5,41.2,42.1,3717700,DNSE
PNJ,1D,2026-09-03 09:00:00,41.5,41.6,39.8,39.8,8105000,DNSE
PNJ,1D,2026-09-04 09:00:00,39.5,40.5,38.2,40.05,8025100,DNSE
PNJ,1D,2026-09-07 09:00:00,39.6,39.95,38.3,38.4,4302000,DNSE
PNJ,1D,2026-09-08 09:00:00,38.3,39.75,37.3,38.4,3343100,DNSE
PNJ,1D,2026-09-09 09:00:00,38.6,38.65,37.6,37.95,4080500,DNSE
PNJ,1D,2026-09-10 09:00:00,37.85,38.5,37.8,38.2,1639200,DNSE
PNJ,1D,2026-09-11 09:00:00,38.2,38.3,37.15,37.3,4937600,DNSE
PNJ,1D,2026-09-14 09:00:00,37.45,37.5,35.0,35.9,6415200,DNSE
PNJ,1D,2026-09-15 09:00:00,35.55,37.55,35.55,37.2,3430700,DNSE
PNJ,1D,2026-09-16 09:00:00,37.55,37.55,36.5,36.75,2328600,DNSE
PNJ,1D,2026-09-17 09:00:00,36.9,36.95,36.05,36.75,2910800,DNSE
PNJ,1D,2026-09-18 09:00:00,36.6,38.05,36.25,36.75,6357100,DNSE
PNJ,1D,2026-09-21 09:00:00,37.0,37.0,36.6,36.9,1754300,DNSE
SAB,1D,2026-04-24 09:00:00,45.0,45.0,43.65,43.97,825900,DNSE
SAB,1D,2026-04-28 09:00:00,44.21,46.22,44.07,45.38,1524700,DNSE
SAB,1D,2026-04-29 09:00:00,44.91,45.38,44.44,44.44,590700,DNSE
SAB,1D,2026-05-04 09:00:00,44.44,44.72,43.55,44.3,884900,DNSE
SAB,1D,2026-05-05 09:00:00,44.21,44.25,43.18,44.02,1090900,DNSE
SAB,1D,2026-05-06 09:00:00,43.97,44.72,43.55,44.72,654100,DNSE
SAB,1D,2026-05-07 09:00:00,44.72,44.72,43.51,43.65,1146500,DNSE
SAB,1D,2026-05-08 09:00:00,43.41,43.65,43.23,43.27,886100,DNSE
SAB,1D,2026-05-11 09:00:00,43.27,44.72,42.85,44.54,1480800,DNSE
SAB,1D,2026-05-12 09:00:00,44.63,44.68,43.55,43.97,656300,DNSE
SAB,1D,2026-05-13 09:00:00,43.97,43.97,43.18,43.55,586800,DNSE
SAB,1D,2026-05-14 09:00:00,43.65,44.44,43.65,43.97,511700,DNSE
SAB,1D,2026-05-15 09:00:00,44.4,45.94,44.11,45.42,1646900,DNSE
SAB,1D,2026-05-18 09:00:00,45.42,45.52,44.68,45.28,570000,DNSE
SAB,1D,2026-05-19 09:00:00,45.33,46.03,44.58,45.38,972600,DNSE
SAB,1D,2026-05-20 09:00:00,45.38,45.38,44.16,44.63,716000,DNSE
SAB,1D,2026-05-21 09:00:00,45.0,45.52,44.58,44.91,665600,DNSE
SAB,1D,2026-05-22 09:00:00,45.19,46.17,44.96,45.0,917600,DNSE
SAB,1D,2026-05-25 09:00:00,44.91,45.8,44.77,44.82,439000,DNSE
SAB,1D,2026-05-26 09:00:00,44.91,44.91,44.07,44.16,880400,DNSE
SAB,1D,2026-05-27 09:00:00,44.3,44.68,44.02,44.68,437900,DNSE
SAB,1D,2026-05-28 09:00:00,44.63,44.63,44.16,44.16,345600,DNSE
SAB,1D,2026-05-29 09:00:00,44.25,44.35,43.93,43.93,520300,DNSE
SAB,1D,2026-06-01 09:00:00,43.83,44.21,43.79,44.16,416200,DNSE
SAB,1D,2026-06-02 09:00:00,44.11,44.21,43.79,43.97,596100,DNSE
SAB,1D,2026-06-03 09:00:00,43.74,45.0,43.74,44.44,625500,DNSE
SAB,1D,2026-06-04 09:00:00,44.44,44.82,44.3,44.72,285400,DNSE
SAB,1D,2026-06-05 09:00:00,44.82,45.19,43.97,44.72,589100,DNSE
SAB,1D,2026-06-08 09:00:00,44.72,44.72,43.6,43.97,771900,DNSE
SAB,1D,2026-06-09 09:00:00,44.21,44.35,43.97,44.11,316800,DNSE
SAB,1D,2026-06-10 09:00:00,44.25,44.49,44.11,44.49,284900,DNSE
SAB,1D,2026-06-11 09:00:00,44.44,46.03,44.4,45.47,1436400,DNSE
SAB,1D,2026-06-12 09:00:00,45.56,46.17,45.38,45.47,850800,DNSE
SAB,1D,2026-06-15 09:00:00,45.38,46.13,45.05,45.38,567600,DNSE
SAB,1D,2026-06-16 09:00:00,45.38,46.64,45.05,45.94,1268100,DNSE
SAB,1D,2026-06-17 09:00:00,45.94,46.22,45.52,45.66,423500,DNSE
SAB,1D,2026-06-18 09:00:00,45.47,45.56,45.1,45.1,563100,DNSE
SAB,1D,2026-06-19 09:00:00,45.1,45.33,45.0,45.05,318800,DNSE
SAB,1D,2026-06-22 09:00:00,45.0,45.28,44.96,45.1,310900,DNSE
SAB,1D,2026-06-23 09:00:00,45.8,45.8,44.54,44.72,602600,DNSE
SAB,1D,2026-06-24 09:00:00,44.72,44.96,44.44,44.72,266600,DNSE
SAB,1D,2026-06-25 09:00:00,44.86,45.8,44.86,45.47,642500,DNSE
SAB,1D,2026-06-26 09:00:00,45.52,45.75,45.38,45.56,485600,DNSE
SAB,1D,2026-06-29 09:00:00,45.61,45.8,44.72,44.91,753400,DNSE
SAB,1D,2026-06-30 09:00:00,45.0,45.56,45.0,45.38,653200,DNSE
SAB,1D,2026-07-01 09:00:00,45.38,45.47,45.0,45.24,372900,DNSE
SAB,1D,2026-07-02 09:00:00,45.24,45.66,45.1,45.47,650500,DNSE
SAB,1D,2026-07-03 09:00:00,45.66,45.66,44.82,44.82,800100,DNSE
SAB,1D,2026-07-06 09:00:00,44.82,45.05,43.79,44.11,863000,DNSE
SAB,1D,2026-07-07 09:00:00,44.11,44.4,43.97,44.21,398900,DNSE
SAB,1D,2026-07-08 09:00:00,44.21,44.35,44.02,44.16,485900,DNSE
SAB,1D,2026-07-09 09:00:00,44.16,44.58,44.07,44.11,302100,DNSE
SAB,1D,2026-07-10 09:00:00,44.16,44.35,43.79,44.11,377800,DNSE
SAB,1D,2026-07-13 09:00:00,44.11,44.16,42.95,43.18,900100,DNSE
SAB,1D,2026-07-14 09:00:00,43.18,43.88,42.95,43.79,400600,DNSE
SAB,1D,2026-07-15 09:00:00,43.93,43.93,43.04,43.09,311700,DNSE
SAB,1D,2026-07-16 09:00:00,43.13,43.6,42.8,43.37,515200,DNSE
SAB,1D,2026-07-17 09:00:00,43.32,43.88,43.09,43.88,341400,DNSE
SAB,1D,2026-07-20 09:00:00,44.02,44.82,43.79,44.25,609300,DNSE
SAB,1D,2026-07-21 09:00:00,44.07,44.49,43.97,43.97,492300,DNSE
SAB,1D,2026-07-22 09:00:00,44.25,44.25,43.88,43.93,518500,DNSE
SAB,1D,2026-07-23 09:00:00,44.21,44.21,42.1,43.97,875600,DNSE
SAB,1D,2026-07-24 09:00:00,43.88,43.88,43.09,43.51,618600,DNSE
SAB,1D,2026-07-27 09:00:00,43.69,44.11,43.46,43.6,892500,DNSE
SAB,1D,2026-07-28 09:00:00,43.0,43.5,42.7,43.15,567000,DNSE
SAB,1D,2026-07-29 09:00:00,43.4,43.4,42.95,43.0,547800,DNSE
SAB,1D,2026-07-30 09:00:00,43.5,44.0,43.0,43.4,677700,DNSE
SAB,1D,2026-07-31 09:00:00,43.95,44.0,43.55,43.55,518400,DNSE
SAB,1D,2026-08-03 09:00:00,43.9,44.8,43.55,44.8,1227400,DNSE
SAB,1D,2026-08-04 09:00:00,44.65,45.15,44.25,45.1,643600,DNSE
SAB,1D,2026-08-05 09:00:00,45.0,45.1,44.4,44.4,488100,DNSE
SAB,1D,2026-08-06 09:00:00,44.35,44.4,43.7,43.7,580800,DNSE
SAB,1D,2026-08-07 09:00:00,43.7,45.3,43.7,44.75,782500,DNSE
SAB,1D,2026-08-10 09:00:00,45.1,46.55,44.85,46.5,2429700,DNSE
SAB,1D,2026-08-11 09:00:00,46.05,46.35,45.65,45.65,549400,DNSE
SAB,1D,2026-08-12 09:00:00,45.9,46.35,45.35,46.3,965700,DNSE
SAB,1D,2026-08-13 09:00:00,46.25,46.3,45.55,45.85,687300,DNSE
SAB,1D,2026-08-14 09:00:00,45.85,46.5,45.3,45.3,812400,DNSE
SAB,1D,2026-08-17 09:00:00,45.3,45.9,45.05,45.75,644800,DNSE
SAB,1D,2026-08-18 09:00:00,45.85,46.3,45.5,46.3,907600,DNSE
SAB,1D,2026-08-19 09:00:00,46.2,46.55,45.65,45.9,445500,DNSE
SAB,1D,2026-08-20 09:00:00,45.95,47.2,45.9,46.8,1646400,DNSE
SAB,1D,2026-08-21 09:00:00,47.0,47.0,46.4,46.8,646200,DNSE
SAB,1D,2026-08-24 09:00:00,46.9,46.9,45.65,46.1,1184800,DNSE
SAB,1D,2026-08-25 09:00:00,45.85,46.35,45.6,46.1,630400,DNSE
SAB,1D,2026-08-26 09:00:00,46.1,46.65,45.75,46.15,490300,DNSE
SAB,1D,2026-08-27 09:00:00,46.1,46.25,45.65,45.75,382500,DNSE
SAB,1D,2026-08-28 09:00:00,45.95,46.1,45.6,45.6,564100,DNSE
SAB,1D,2026-09-03 09:00:00,45.6,45.8,44.9,45.0,761300,DNSE
SAB,1D,2026-09-04 09:00:00,45.2,45.5,44.9,45.35,352900,DNSE
SAB,1D,2026-09-07 09:00:00,45.35,45.35,44.85,44.85,378700,DNSE
SAB,1D,2026-09-08 09:00:00,44.85,45.05,44.6,44.95,316200,DNSE
SAB,1D,2026-09-09 09:00:00,44.95,45.1,44.6,44.65,443900,DNSE
SAB,1D,2026-09-10 09:00:00,44.7,45.05,44.65,44.85,306400,DNSE
SAB,1D,2026-09-11 09:00:00,44.6,44.8,43.1,43.85,767900,DNSE
SAB,1D,2026-09-14 09:00:00,43.85,44.75,43.85,44.75,677800,DNSE
SAB,1D,2026-09-15 09:00:00,44.75,45.45,44.55,44.55,710700,DNSE
SAB,1D,2026-09-16 09:00:00,44.65,44.85,44.1,44.1,295100,DNSE
SAB,1D,2026-09-17 09:00:00,44.1,44.6,44.1,44.3,374900,DNSE
SAB,1D,2026-09-18 09:00:00,44.3,45.5,44.3,44.3,297800,DNSE
SAB,1D,2026-09-21 09:00:00,44.3,44.4,43.8,43.85,600800,DNSE
VHM,1D,2026-04-24 09:00:00,71.31,71.55,67.99,67.99,6047900,DNSE
VHM,1D,2026-04-28 09:00:00,67.75,72.71,67.41,72.71,9348000,DNSE
VHM,1D,2026-04-29 09:00:00,74.54,75.07,70.3,70.3,6990600,DNSE
VHM,1D,2026-05-04 09:00:00,71.5,71.74,68.23,68.37,5533800,DNSE
VHM,1D,2026-05-05 09:00:00,68.37,73.14,68.28,72.8,6715300,DNSE
VHM,1D,2026-05-06 09:00:00,73.67,74.63,70.88,72.71,5595200,DNSE
VHM,1D,2026-05-07 09:00:00,73.48,77.76,72.75,77.76,8652100,DNSE
VHM,1D,2026-05-08 09:00:00,78.0,78.97,75.4,78.97,7042400,DNSE
VHM,1D,2026-05-11 09:00:00,79.93,83.44,77.52,77.52,8375800,DNSE
VHM,1D,2026-05-12 09:00:00,76.56,78.48,75.4,77.14,6467100,DNSE
VHM,1D,2026-05-13 09:00:00,78.05,78.24,71.74,73.43,11413400,DNSE
VHM,1D,2026-05-14 09:00:00,73.62,75.6,71.6,75.6,5542500,DNSE
VHM,1D,2026-05-15 09:00:00,75.6,76.46,74.01,76.08,4836400,DNSE
VHM,1D,2026-05-18 09:00:00,75.88,77.14,73.67,74.15,5253200,DNSE
VHM,1D,2026-05-19 09:00:00,74.15,76.85,73.24,75.6,4738200,DNSE
VHM,1D,2026-05-20 09:00:00,75.11,78.44,74.39,76.99,6820100,DNSE
VHM,1D,2026-05-21 09:00:00,77.67,78.53,75.6,76.94,4504400,DNSE
VHM,1D,2026-05-22 09:00:00,76.37,76.37,72.47,74.05,6965000,DNSE
VHM,1D,2026-05-25 09:00:00,74.63,76.99,73.72,76.41,3693400,DNSE
VHM,1D,2026-05-26 09:00:00,76.03,76.17,74.05,74.05,3224000,DNSE
VHM,1D,2026-05-27 09:00:00,74.05,74.49,70.97,70.97,7371600,DNSE
VHM,1D,2026-05-28 09:00:00,70.3,75.93,69.91,75.93,8918500,DNSE
VHM,1D,2026-05-29 09:00:00,76.94,77.81,75.02,75.11,5608600,DNSE
VHM,1D,2026-06-01 09:00:00,75.6,76.08,72.37,73.19,4638800,DNSE
VHM,1D,2026-06-02 09:00:00,73.19,74.44,72.61,72.61,4005700,DNSE
VHM,1D,2026-06-03 09:00:00,72.32,72.71,68.47,71.45,6310300,DNSE
VHM,1D,2026-06-04 09:00:00,71.94,72.61,70.44,72.22,3277300,DNSE
VHM,1D,2026-06-05 09:00:00,71.74,73.96,71.74,73.19,3712700,DNSE
VHM,1D,2026-06-08 09:00:00,71.74,72.47,69.91,70.64,4226300,DNSE
VHM,1D,2026-06-09 09:00:00,70.88,71.12,69.29,70.3,2221500,DNSE
VHM,1D,2026-06-10 09:00:00,70.4,71.02,69.48,70.68,1569400,DNSE
VHM,1D,2026-06-11 09:00:00,70.11,70.64,69.34,69.58,1708400,DNSE
VHM,1D,2026-06-12 09:00:00,70.54,70.88,66.78,66.78,4342000,DNSE
VHM,1D,2026-06-15 09:00:00,67.41,68.47,62.11,65.53,8140900,DNSE
VHM,1D,2026-06-16 09:00:00,65.97,66.21,64.62,65.72,2728600,DNSE
VHM,1D,2026-06-17 09:00:00,63.17,65.58,62.84,65.0,7336800,DNSE
VHM,1D,2026-06-18 09:00:00,69.53,69.53,69.53,69.53,2390500,DNSE
VHM,1D,2026-06-19 09:00:00,71.98,72.13,69.96,69.96,10117600,DNSE
VHM,1D,2026-06-22 09:00:00,70.83,74.82,70.01,74.82,5473400,DNSE
VHM,1D,2026-06-23 09:00:00,76.03,78.0,74.82,75.11,6542100,DNSE
VHM,1D,2026-06-24 09:00:00,75.11,77.28,74.15,76.85,5424600,DNSE
VHM,1D,2026-06-25 09:00:00,77.04,77.09,74.44,75.35,4579200,DNSE
VHM,1D,2026-06-26 09:00:00,75.84,78.92,75.35,78.0,10448300,DNSE
VHM,1D,2026-06-29 09:00:00,79.0,79.05,75.05,75.15,6007200,DNSE
VHM,1D,2026-06-30 09:00:00,75.15,75.9,73.45,75.9,3112700,DNSE
VHM,1D,2026-07-01 09:00:00,75.9,75.9,74.1,74.35,2994000,DNSE
VHM,1D,2026-07-02 09:00:00,74.1,75.75,74.1,75.2,2224600,DNSE
VHM,1D,2026-07-03 09:00:00,75.5,77.7,75.3,75.8,4051400,DNSE
VHM,1D,2026-07-06 09:00:00,79.35,79.35,76.05,77.05,7156200,DNSE
VHM,1D,2026-07-07 09:00:00,77.0,77.0,75.05,75.05,3878500,DNSE
VHM,1D,2026-07-08 09:00:00,75.0,75.95,74.25,75.0,2798300,DNSE
VHM,1D,2026-07-09 09:00:00,74.9,75.5,74.05,74.35,1904300,DNSE
VHM,1D,2026-07-10 09:00:00,74.05,75.15,73.35,73.5,3156900,DNSE
VHM,1D,2026-07-13 09:00:00,73.5,73.5,69.6,71.5,6075800,DNSE
VHM,1D,2026-07-14 09:00:00,71.45,71.45,69.25,70.4,4386200,DNSE
VHM,1D,2026-07-15 09:00:00,70.4,70.4,68.0,68.0,4540200,DNSE
VHM,1D,2026-07-16 09:00:00,66.75,71.4,66.75,71.4,4671100,DNSE
VHM,1D,2026-07-17 09:00:00,71.4,72.4,70.25,70.25,2146600,DNSE
VHM,1D,2026-07-20 09:00:00,69.6,71.0,68.15,68.45,2992800,DNSE
VHM,1D,2026-07-21 09:00:00,68.4,69.15,67.65,68.2,2669700,DNSE
VHM,1D,2026-07-22 09:00:00,68.1,68.2,63.45,63.45,8235300,DNSE
VHM,1D,2026-07-23 09:00:00,63.35,66.75,63.3,66.0,4573000,DNSE
VHM,1D,2026-07-24 09:00:00,64.75,65.95,64.25,65.0,2883200,DNSE
VHM,1D,2026-07-27 09:00:00,65.3,66.95,64.5,65.5,3707500,DNSE
VHM,1D,2026-07-28 09:00:00,65.0,66.15,64.45,65.95,2674400,DNSE
VHM,1D,2026-07-29 09:00:00,66.25,70.55,65.95,70.0,6570600,DNSE
VHM,1D,2026-07-30 09:00:00,71.2,73.95,70.05,73.95,5883600,DNSE
VHM,1D,2026-07-31 09:00:00,77.0,77.0,72.3,74.05,5810400,DNSE
VHM,1D,2026-08-03 09:00:00,74.35,74.85,72.55,74.0,5312800,DNSE
VHM,1D,2026-08-04 09:00:00,74.1,76.65,73.4,76.45,6338600,DNSE
VHM,1D,2026-08-05 09:00:00,77.1,79.4,76.5,76.5,10681100,DNSE
VHM,1D,2026-08-06 09:00:00,81.7,81.7,76.8,77.1,16808100,DNSE
VHM,1D,2026-08-07 09:00:00,75.3,76.8,73.0,73.0,9117200,DNSE
VHM,1D,2026-08-10 09:00:00,72.8,72.8,70.8,71.6,8267400,DNSE
VHM,1D,2026-08-11 09:00:00,71.6,74.0,71.2,72.1,8286300,DNSE
VHM,1D,2026-08-12 09:00:00,72.9,75.5,72.0,73.8,6525700,DNSE
VHM,1D,2026-08-13 09:00:00,74.0,74.0,71.8,71.8,7785200,DNSE
VHM,1D,2026-08-14 09:00:00,71.8,71.8,68.0,68.2,12131200,DNSE
VHM,1D,2026-08-17 09:00:00,68.0,69.8,66.6,68.2,4964300,DNSE
VHM,1D,2026-08-18 09:00:00,68.5,70.6,68.3,69.2,4816300,DNSE
VHM,1D,2026-08-19 09:00:00,69.4,69.8,68.6,69.1,2613600,DNSE
VHM,1D,2026-08-20 09:00:00,69.6,70.5,69.1,69.5,4626100,DNSE
VHM,1D,2026-08-21 09:00:00,69.5,71.9,68.9,71.7,5100800,DNSE
VHM,1D,2026-08-24 09:00:00,72.9,73.5,72.4,73.4,6124500,DNSE
VHM,1D,2026-08-25 09:00:00,73.5,75.2,72.8,73.6,9252600,DNSE
VHM,1D,2026-08-26 09:00:00,73.3,73.8,72.1,73.6,5343200,DNSE
VHM,1D,2026-08-27 09:00:00,74.2,75.2,73.6,73.8,4595500,DNSE
VHM,1D,2026-08-28 09:00:00,74.0,74.0,72.9,73.0,4565600,DNSE
VHM,1D,2026-09-03 09:00:00,72.5,73.5,71.6,73.4,5307700,DNSE
VHM,1D,2026-09-04 09:00:00,73.1,77.0,73.1,75.2,14079600,DNSE
VHM,1D,2026-09-07 09:00:00,76.4,79.5,74.5,74.5,11741100,DNSE
VHM,1D,2026-09-08 09:00:00,74.5,75.5,72.9,73.6,6827700,DNSE
VHM,1D,2026-09-09 09:00:00,73.2,74.5,72.1,72.1,13952300,DNSE
VHM,1D,2026-09-10 09:00:00,71.8,74.2,69.5,73.1,16074200,DNSE
VHM,1D,2026-09-11 09:00:00,72.6,73.2,71.7,72.0,6700800,DNSE
VHM,1D,2026-09-14 09:00:00,71.0,73.9,71.0,71.7,10116200,DNSE
VHM,1D,2026-09-15 09:00:00,72.1,72.8,71.1,71.4,7917400,DNSE
VHM,1D,2026-09-16 09:00:00,71.2,72.0,71.0,71.0,7021900,DNSE
VHM,1D,2026-09-17 09:00:00,70.5,73.0,70.5,71.3,8187400,DNSE
VHM,1D,2026-09-18 09:00:00,72.2,72.9,71.0,71.0,18774600,DNSE
VHM,1D,2026-09-21 09:00:00,71.7,72.0,67.6,68.1,17209800,DNSE
VNM,1D,2026-04-24 09:00:00,60.13,60.13,58.58,59.45,5855700,DNSE
VNM,1D,2026-04-28 09:00:00,59.26,59.35,58.58,59.26,3220800,DNSE
VNM,1D,2026-04-29 09:00:00,58.39,59.35,58.39,58.97,2407200,DNSE
VNM,1D,2026-05-04 09:00:00,59.16,59.65,58.77,58.97,1873800,DNSE
VNM,1D,2026-05-05 09:00:00,59.16,59.26,58.48,59.16,2751900,DNSE
VNM,1D,2026-05-06 09:00:00,59.26,59.74,58.77,59.55,2590900,DNSE
VNM,1D,2026-05-07 09:00:00,59.65,59.84,59.16,59.55,4751300,DNSE
VNM,1D,2026-05-08 09:00:00,59.84,59.84,58.97,58.97,2787000,DNSE
VNM,1D,2026-05-11 09:00:00,59.16,59.16,58.58,58.68,3875800,DNSE
VNM,1D,2026-05-12 09:00:00,58.68,58.77,58.0,58.19,4102800,DNSE
VNM,1D,2026-05-13 09:00:00,58.19,58.19,56.84,57.42,8534300,DNSE
VNM,1D,2026-05-14 09:00:00,57.42,58.19,57.42,58.19,3058300,DNSE
VNM,1D,2026-05-15 09:00:00,58.19,58.39,57.9,57.9,2010300,DNSE
VNM,1D,2026-05-18 09:00:00,57.61,58.77,57.61,58.58,4850600,DNSE
VNM,1D,2026-05-19 09:00:00,58.58,58.77,57.81,57.9,2739700,DNSE
VNM,1D,2026-05-20 09:00:00,57.9,58.0,56.74,57.22,5727600,DNSE
VNM,1D,2026-05-21 09:00:00,57.61,57.71,56.93,57.13,3271300,DNSE
VNM,1D,2026-05-22 09:00:00,57.22,57.81,56.84,57.61,6005000,DNSE
VNM,1D,2026-05-25 09:00:00,57.61,57.9,57.22,57.22,1587500,DNSE
VNM,1D,2026-05-26 09:00:00,57.22,57.52,57.13,57.22,1880800,DNSE
VNM,1D,2026-05-27 09:00:00,57.22,57.32,56.84,56.93,2976500,DNSE
VNM,1D,2026-05-28 09:00:00,57.13,57.9,57.13,57.13,3798600,DNSE
VNM,1D,2026-05-29 09:00:00,57.13,57.42,57.03,57.32,1960700,DNSE
VNM,1D,2026-06-01 09:00:00,57.32,57.42,56.93,57.22,2259500,DNSE
VNM,1D,2026-06-02 09:00:00,57.22,57.32,56.74,56.74,2961900,DNSE
VNM,1D,2026-06-03 09:00:00,56.74,56.93,56.26,56.45,3814300,DNSE
VNM,1D,2026-06-04 09:00:00,56.74,56.93,56.35,56.74,2126500,DNSE
VNM,1D,2026-06-05 09:00:00,56.93,57.03,56.45,56.55,1866100,DNSE
VNM,1D,2026-06-08 09:00:00,56.35,56.93,55.97,56.16,3179800,DNSE
VNM,1D,2026-06-09 09:00:00,56.26,56.64,56.16,56.45,1228000,DNSE
VNM,1D,2026-06-10 09:00:00,56.55,57.03,56.35,57.03,2353200,DNSE
VNM,1D,2026-06-11 09:00:00,56.93,57.71,56.64,57.32,1804500,DNSE
VNM,1D,2026-06-12 09:00:00,57.42,57.9,57.13,57.13,3489300,DNSE
VNM,1D,2026-06-15 09:00:00,57.42,57.9,57.42,57.81,2021700,DNSE
VNM,1D,2026-06-16 09:00:00,57.9,57.9,57.22,57.22,2029500,DNSE
VNM,1D,2026-06-17 09:00:00,57.22,57.81,57.13,57.13,2838900,DNSE
VNM,1D,2026-06-18 09:00:00,57.61,57.81,57.22,57.32,2482800,DNSE
VNM,1D,2026-06-19 09:00:00,57.32,57.52,57.03,57.13,3349900,DNSE
VNM,1D,2026-06-22 09:00:00,57.61,57.71,56.74,56.74,2997800,DNSE
VNM,1D,2026-06-23 09:00:00,56.84,57.13,56.55,56.55,2295600,DNSE
VNM,1D,2026-06-24 09:00:00,56.74,56.84,56.26,56.45,1532100,DNSE
VNM,1D,2026-06-25 09:00:00,56.64,56.74,56.35,56.45,1803300,DNSE
VNM,1D,2026-06-26 09:00:00,56.8,56.8,55.9,56.3,3173400,DNSE
VNM,1D,2026-06-29 09:00:00,56.5,56.5,56.0,56.1,1470900,DNSE
VNM,1D,2026-06-30 09:00:00,56.1,56.2,54.7,54.8,9320000,DNSE
VNM,1D,2026-07-01 09:00:00,55.0,55.5,54.8,55.2,2357300,DNSE
VNM,1D,2026-07-02 09:00:00,55.3,56.0,55.3,55.5,3669400,DNSE
VNM,1D,2026-07-03 09:00:00,55.5,55.7,54.7,54.9,4133600,DNSE
VNM,1D,2026-07-06 09:00:00,55.0,55.4,54.6,55.3,3211000,DNSE
VNM,1D,2026-07-07 09:00:00,55.2,55.3,54.9,55.1,1611400,DNSE
VNM,1D,2026-07-08 09:00:00,55.0,55.7,55.0,55.7,3705000,DNSE
VNM,1D,2026-07-09 09:00:00,55.6,55.9,55.4,55.7,2469400,DNSE
VNM,1D,2026-07-10 09:00:00,55.9,56.7,55.8,56.6,5573700,DNSE
VNM,1D,2026-07-13 09:00:00,56.6,56.6,55.3,55.4,1951400,DNSE
VNM,1D,2026-07-14 09:00:00,55.5,56.0,55.2,56.0,1755100,DNSE
VNM,1D,2026-07-15 09:00:00,56.0,56.4,55.5,56.2,2491200,DNSE
VNM,1D,2026-07-16 09:00:00,56.1,56.3,55.3,56.2,1991100,DNSE
VNM,1D,2026-07-17 09:00:00,56.3,59.4,56.2,59.0,12982500,DNSE
VNM,1D,2026-07-20 09:00:00,58.8,58.8,57.7,58.5,4583900,DNSE
VNM,1D,2026-07-21 09:00:00,58.1,58.8,58.1,58.4,3543700,DNSE
VNM,1D,2026-07-22 09:00:00,58.7,60.1,58.4,59.1,10506300,DNSE
VNM,1D,2026-07-23 09:00:00,59.1,59.1,56.9,57.8,4827500,DNSE
VNM,1D,2026-07-24 09:00:00,58.5,59.5,58.3,58.9,4176800,DNSE
VNM,1D,2026-07-27 09:00:00,59.2,59.8,57.9,57.9,3671400,DNSE
VNM,1D,2026-07-28 09:00:00,57.7,59.6,57.7,59.6,5256600,DNSE
VNM,1D,2026-07-29 09:00:00,59.9,61.0,59.4,60.0,6199800,DNSE
VNM,1D,2026-07-30 09:00:00,60.3,61.4,59.8,61.2,6944300,DNSE
VNM,1D,2026-07-31 09:00:00,61.2,61.3,60.1,60.9,4479800,DNSE
VNM,1D,2026-08-03 09:00:00,60.9,61.0,60.0,60.3,6377600,DNSE
VNM,1D,2026-08-04 09:00:00,60.4,60.4,59.0,59.5,5531900,DNSE
VNM,1D,2026-08-05 09:00:00,59.4,60.1,58.6,58.6,5288700,DNSE
VNM,1D,2026-08-06 09:00:00,58.7,59.6,58.6,59.0,3231300,DNSE
VNM,1D,2026-08-07 09:00:00,59.0,63.1,59.0,62.0,13239500,DNSE
VNM,1D,2026-08-10 09:00:00,61.6,62.7,61.6,62.1,3480200,DNSE
VNM,1D,2026-08-11 09:00:00,62.5,63.3,61.8,62.0,4475100,DNSE
VNM,1D,2026-08-12 09:00:00,61.9,62.5,61.4,61.8,2755600,DNSE
VNM,1D,2026-08-13 09:00:00,61.8,63.0,61.5,61.6,4257000,DNSE
VNM,1D,2026-08-14 09:00:00,61.6,62.6,61.0,61.6,3663300,DNSE
VNM,1D,2026-08-17 09:00:00,61.7,63.0,61.7,62.2,2965800,DNSE
VNM,1D,2026-08-18 09:00:00,62.2,62.6,61.8,62.1,1844100,DNSE
VNM,1D,2026-08-19 09:00:00,61.9,63.2,61.6,63.1,4664900,DNSE
VNM,1D,2026-08-20 09:00:00,63.1,64.3,62.7,64.0,6309900,DNSE
VNM,1D,2026-08-21 09:00:00,64.1,64.1,63.4,63.8,3581800,DNSE
VNM,1D,2026-08-24 09:00:00,64.0,64.4,63.2,63.2,3332500,DNSE
VNM,1D,2026-08-25 09:00:00,63.1,63.8,62.5,62.6,3343900,DNSE
VNM,1D,2026-08-26 09:00:00,62.7,63.5,62.4,62.8,2402700,DNSE
VNM,1D,2026-08-27 09:00:00,62.7,63.2,62.3,62.5,2651300,DNSE
VNM,1D,2026-08-28 09:00:00,62.9,63.0,62.3,62.3,2385900,DNSE
VNM,1D,2026-09-03 09:00:00,62.2,62.3,61.2,61.2,3947400,DNSE
VNM,1D,2026-09-04 09:00:00,61.4,62.1,61.2,61.9,1906600,DNSE
VNM,1D,2026-09-07 09:00:00,61.9,62.2,60.6,60.7,3004700,DNSE
VNM,1D,2026-09-08 09:00:00,60.7,61.1,60.4,61.0,1874400,DNSE
VNM,1D,2026-09-09 09:00:00,61.0,61.8,61.0,61.3,1620000,DNSE
VNM,1D,2026-09-10 09:00:00,61.3,61.9,61.1,61.6,1890400,DNSE
VNM,1D,2026-09-11 09:00:00,61.2,61.3,59.8,59.9,4047300,DNSE
VNM,1D,2026-09-14 09:00:00,59.7,60.1,58.6,59.3,3853000,DNSE
VNM,1D,2026-09-15 09:00:00,59.5,60.2,59.4,59.7,1835300,DNSE
VNM,1D,2026-09-16 09:00:00,59.8,60.3,59.6,59.6,1737400,DNSE
VNM,1D,2026-09-17 09:00:00,59.4,60.7,59.4,60.2,2437100,DNSE
VNM,1D,2026-09-18 09:00:00,60.4,61.2,60.3,61.2,4517300,DNSE
VNM,1D,2026-09-21 09:00:00,61.2,61.3,60.3,60.3,2522300,DNSE
