symbol,period_type,period,roe,roa,eps,pe,pb,net_margin,debt_to_equity,profit_after_tax,status,source
ACB,quarter,2024-Q1,0.2297,0.0232,,6.78,1.43,0.4793,8.7244,15815122978688.51,PARTIAL,csv
ACB,quarter,2024-Q2,0.2285,0.0229,,7.06,1.55,0.4883,9.2908,16417866845574.14,PARTIAL,csv
ACB,quarter,2024-Q3,0.2171,0.0217,,6.78,1.4,0.4875,8.8586,16250682847243.54,PARTIAL,csv
ACB,quarter,2024-Q4,0.2175,0.0212,,6.41,1.29,0.501,9.3521,16789767842224.0,PARTIAL,csv
ACB,quarter,2025-Q1,0.2044,0.0201,,7.04,1.34,0.498,9.2404,16562614864603.83,PARTIAL,csv
ACB,quarter,2025-Q2,0.2017,0.0196,,7.96,1.55,0.5007,9.7044,16975184039648.55,PARTIAL,csv
ACB,quarter,2025-Q3,0.1992,0.0191,,7.28,1.39,0.5091,9.3762,17385378040571.55,PARTIAL,csv
ACB,quarter,2025-Q4,0.1756,0.0165,,7.82,1.29,0.4623,9.8533,15624699036601.42,PARTIAL,csv
ACB,quarter,2026-Q1,0.175,0.0165,,8.15,1.34,0.4676,9.4394,16266821033605.9,PARTIAL,csv
ACB,quarter,2026-Q2,0.1633,0.0154,,8.11,1.28,0.4526,9.7522,15678139997289.23,PARTIAL,csv
ACB,year,2018,0.1754,0.0099,3.06,,2.03,0.2308,16.4565,0.23,PARTIAL,vnstock
ACB,year,2024,0.2175,0.0212,,6.41,1.29,0.501,9.3521,16789767842224.0,PARTIAL,csv
ACB,year,2025,0.1756,0.0165,,7.82,1.29,0.4623,9.8533,15624699036601.42,PARTIAL,csv
BID,quarter,2024-Q1,0.1805,0.0099,,12.13,2.14,0.3003,17.0497,21895946677352.3,PARTIAL,csv
BID,quarter,2024-Q2,0.1806,0.0098,,12.33,2.17,0.3009,17.7138,22835766663483.8,PARTIAL,csv
BID,quarter,2024-Q3,0.1783,0.0096,,11.49,2.02,0.311,17.6072,23404204714953.6,PARTIAL,csv
BID,quarter,2024-Q4,0.1878,0.0099,,10.04,1.77,0.3101,18.0516,25532853205716.84,PARTIAL,csv
BID,quarter,2025-Q1,0.1754,0.0094,,10.61,1.8,0.3077,17.3194,25580104994600.2,PARTIAL,csv
BID,quarter,2025-Q2,0.1698,0.0091,,10.75,1.77,0.3055,17.3833,25858344236301.31,PARTIAL,csv
BID,quarter,2025-Q3,0.1669,0.009,,14.41,2.35,0.3011,17.287,26548366410130.15,PARTIAL,csv
BID,quarter,2025-Q4,0.1878,0.0098,,9.46,1.65,0.3278,18.192,31018316980329.81,PARTIAL,csv
BID,quarter,2026-Q1,0.1777,0.0097,,9.16,1.58,0.3283,16.7744,31979030341126.8,PARTIAL,csv
BID,quarter,2026-Q2,0.1765,0.0098,,8.41,1.44,0.3375,16.3095,33056131195736.43,PARTIAL,csv
BID,year,2018,0.1452,0.0061,2.12,,1.88,0.1661,23.1509,0.17,PARTIAL,vnstock
BID,year,2024,0.1878,0.0099,,10.04,1.77,0.3101,18.0516,25532853205716.84,PARTIAL,csv
BID,year,2025,0.1878,0.0098,,9.46,1.65,0.3278,18.192,31018316980329.81,PARTIAL,csv
CMG,quarter,2024-Q1,0.126,0.0463,,37.32,4.59,0.0534,1.0715,325587955140.74,PARTIAL,csv
CMG,quarter,2024-Q2,0.1232,0.0457,,31.12,3.72,0.0533,1.1227,324916200662.34,PARTIAL,csv
CMG,quarter,2024-Q3,0.1224,0.045,,29.76,3.46,0.0512,1.2276,318134448636.59,PARTIAL,csv
CMG,quarter,2024-Q4,0.1144,0.0416,,21.68,2.37,0.0484,1.1529,312336245988.48,PARTIAL,csv
CMG,quarter,2025-Q1,0.1243,0.046,,25.46,3.04,0.0521,1.0876,348620509318.27,PARTIAL,csv
CMG,quarter,2025-Q2,0.1248,0.0465,,22.82,2.71,0.0518,1.0729,360055596783.68,PARTIAL,csv
CMG,quarter,2025-Q3,0.1318,0.0491,,20.3,2.59,0.055,1.2189,391208782317.83,PARTIAL,csv
CMG,quarter,2025-Q4,0.131,0.0445,,17.12,2.13,0.0547,1.5174,395833986800.01,PARTIAL,csv
CMG,quarter,2026-Q1,0.1319,0.0447,,14.79,1.88,0.0541,1.5571,413246421888.7,PARTIAL,csv
CMG,quarter,2026-Q2,0.1227,0.0395,,13.66,1.61,0.0519,1.5685,393977082844.02,PARTIAL,csv
CMG,year,2018,0.1251,0.0541,0.28,,1.41,0.041,1.4009,0.04,PARTIAL,vnstock
CMG,year,2024,0.1144,0.0416,,21.68,2.37,0.0484,1.1529,312336245988.48,PARTIAL,csv
CMG,year,2025,0.131,0.0445,,17.12,2.13,0.0547,1.5174,395833986800.01,PARTIAL,csv
CTG,quarter,2024-Q1,0.1617,0.0103,,8.53,1.33,0.2771,14.9104,20144666033680.9,PARTIAL,csv
CTG,quarter,2024-Q2,0.1574,0.01,,9.53,1.43,0.2723,14.8961,20306655034133.37,PARTIAL,csv
CTG,quarter,2024-Q3,0.162,0.0102,,9.16,1.42,0.274,14.8157,21669439036211.51,PARTIAL,csv
CTG,quarter,2024-Q4,0.1848,0.0115,,8.0,1.37,0.3095,15.0627,25348215226582.93,PARTIAL,csv
CTG,quarter,2025-Q1,0.1782,0.0112,,9.22,1.56,0.3098,15.0399,25808280230743.48,PARTIAL,csv
CTG,quarter,2025-Q2,0.1983,0.0124,,9.7,1.8,0.3561,14.9302,30112870269300.8,PARTIAL,csv
CTG,quarter,2025-Q3,0.2096,0.013,,9.66,1.91,0.3915,15.2558,33335795206178.31,PARTIAL,csv
CTG,quarter,2025-Q4,0.2109,0.0134,,7.87,1.53,0.3964,14.4056,34604481213988.54,PARTIAL,csv
CTG,quarter,2026-Q1,0.2171,0.0138,,6.65,1.35,0.4144,14.4971,38102585235561.72,PARTIAL,csv
CTG,quarter,2026-Q2,0.2176,0.0141,,5.85,1.18,0.4124,13.7942,40172760248177.65,PARTIAL,csv
CTG,year,2018,0.124,0.0073,2.63,,1.35,0.2321,15.8364,0.23,PARTIAL,vnstock
CTG,year,2024,0.1848,0.0115,,8.0,1.37,0.3095,15.0627,25348215226582.93,PARTIAL,csv
CTG,year,2025,0.2109,0.0134,,7.87,1.53,0.3964,14.4056,34604481213988.54,PARTIAL,csv
FPT,quarter,2024-Q1,0.2721,0.1106,,28.83,7.28,0.148,0.9549,6778427679695.21,PARTIAL,csv
FPT,quarter,2024-Q2,0.2775,0.1144,,28.14,7.31,0.1484,0.9943,7140929953643.94,PARTIAL,csv
FPT,quarter,2024-Q3,0.2749,0.1174,,28.35,7.16,0.1498,0.911,7530362206407.44,PARTIAL,csv
FPT,quarter,2024-Q4,0.2869,0.1188,,21.6,5.73,0.15,1.0153,7900840203675.86,PARTIAL,csv
FPT,quarter,2025-Q1,0.2766,0.1181,,22.65,5.85,0.1522,0.9526,8311230145746.79,PARTIAL,csv
FPT,quarter,2025-Q2,0.276,0.1169,,18.14,4.73,0.1558,1.0381,8674830190869.59,PARTIAL,csv
FPT,quarter,2025-Q3,0.2737,0.1156,,18.9,4.75,0.1591,0.9318,8995223473540.36,PARTIAL,csv
FPT,quarter,2025-Q4,0.2829,0.1171,,13.62,3.51,0.1602,1.0148,9395819577366.32,PARTIAL,csv
FPT,quarter,2026-Q1,0.2682,0.1208,,12.36,3.09,0.167,0.7094,9753296834412.11,PARTIAL,csv
FPT,quarter,2026-Q2,0.2647,0.1278,,12.23,3.08,0.1718,0.7944,10049016077728.24,PARTIAL,csv
FPT,year,2018,0.2311,0.1122,0.7,,1.92,0.0956,0.7994,0.1,PARTIAL,vnstock
FPT,year,2024,0.2869,0.1188,,21.6,5.73,0.15,1.0153,7900840203675.86,PARTIAL,csv
FPT,year,2025,0.2829,0.1171,,13.62,3.51,0.1602,1.0148,9395819577366.32,PARTIAL,csv
FRT,quarter,2024-Q1,-0.1811,-0.0259,,-79.23,14.6,-0.0082,6.0999,-301805280088.95,PARTIAL,csv
FRT,quarter,2024-Q2,-0.0342,-0.0045,,-434.14,14.72,-0.0002,5.7422,-56456121064.0,PARTIAL,csv
FRT,quarter,2024-Q3,0.0629,0.008,,238.82,13.96,0.0046,6.2701,105540784808.01,PARTIAL,csv
FRT,quarter,2024-Q4,0.1809,0.0219,,63.72,10.58,0.0102,6.4688,317516265617.0,PARTIAL,csv
FRT,quarter,2025-Q1,0.2395,0.0301,,58.1,12.48,0.0131,6.132,446715122875.06,PARTIAL,csv
FRT,quarter,2025-Q2,0.2487,0.033,,44.96,8.45,0.0149,4.4268,538629658638.85,PARTIAL,csv
FRT,quarter,2025-Q3,0.248,0.035,,40.06,8.0,0.0162,4.4082,616452154979.16,PARTIAL,csv
FRT,quarter,2025-Q4,0.2613,0.0402,,32.35,6.16,0.0193,3.6145,794864943552.21,PARTIAL,csv
FRT,quarter,2026-Q1,0.2508,0.0417,,22.22,4.56,0.021,3.7203,914254066612.71,PARTIAL,csv
FRT,quarter,2026-Q2,0.2754,0.047,,20.58,4.88,0.0245,3.5707,1137085521639.16,PARTIAL,csv
FRT,year,2018,0.3933,0.086,0.35,,5.26,0.0227,3.3884,0.02,PARTIAL,vnstock
FRT,year,2024,0.1809,0.0219,,63.72,10.58,0.0102,6.4688,317516265617.0,PARTIAL,csv
FRT,year,2025,0.2613,0.0402,,32.35,6.16,0.0193,3.6145,794864943552.21,PARTIAL,csv
GAS,quarter,2024-Q1,0.1668,0.1222,,16.64,2.69,0.1186,0.3516,10767431246416.11,PARTIAL,csv
GAS,quarter,2024-Q2,0.1671,0.1217,,15.62,2.46,0.1136,0.3419,10932658159121.04,PARTIAL,csv
GAS,quarter,2024-Q3,0.1714,0.1209,,14.15,2.69,0.1118,0.5397,11077284893045.83,PARTIAL,csv
GAS,quarter,2024-Q4,0.1673,0.1226,,13.11,2.26,0.1023,0.3294,10398370049759.43,PARTIAL,csv
GAS,quarter,2025-Q1,0.1696,0.1213,,15.01,2.54,0.102,0.2751,10643244941100.6,PARTIAL,csv
GAS,quarter,2025-Q2,0.194,0.1402,,12.34,2.15,0.1152,0.2888,11728443896937.79,PARTIAL,csv
GAS,quarter,2025-Q3,0.1893,0.1397,,21.96,3.97,0.1051,0.4141,11754995038449.47,PARTIAL,csv
GAS,quarter,2025-Q4,0.1804,0.1301,,17.23,2.88,0.0856,0.3831,11091307085110.72,PARTIAL,csv
GAS,quarter,2026-Q1,0.1732,0.1258,,16.8,2.74,0.08,0.3164,11274056664404.87,PARTIAL,csv
GAS,quarter,2026-Q2,0.1889,0.1327,,17.19,3.09,0.0811,0.4634,12355063856798.48,PARTIAL,csv
GAS,year,2018,0.2332,0.1609,2.44,,3.68,0.1548,0.445,0.15,PARTIAL,vnstock
GAS,year,2024,0.1673,0.1226,,13.11,2.26,0.1023,0.3294,10398370049759.43,PARTIAL,csv
GAS,year,2025,0.1804,0.1301,,17.23,2.88,0.0856,0.3831,11091307085110.72,PARTIAL,csv
GMD,quarter,2024-Q1,0.2962,0.1871,,9.94,2.84,0.7351,0.3799,2622516930054.22,PARTIAL,csv
GMD,quarter,2024-Q2,0.1414,0.0901,,18.52,2.49,0.3894,0.3628,1276011887726.75,PARTIAL,csv
GMD,quarter,2024-Q3,0.1478,0.094,,14.22,2.06,0.3909,0.3646,1746650260969.48,PARTIAL,csv
GMD,quarter,2024-Q4,0.1389,0.0923,,9.95,1.55,0.3981,0.3069,1938839167128.32,PARTIAL,csv
GMD,quarter,2025-Q1,0.1191,0.0797,,15.53,1.96,0.3518,0.2828,1596824196149.52,PARTIAL,csv
GMD,quarter,2025-Q2,0.122,0.0813,,17.79,2.37,0.3588,0.3852,1632359638725.75,PARTIAL,csv
GMD,quarter,2025-Q3,0.112,0.0749,,18.02,2.13,0.3375,0.3619,1491410451879.13,PARTIAL,csv
GMD,quarter,2025-Q4,0.1376,0.0928,,17.8,2.41,0.3866,0.329,1779848915312.27,PARTIAL,csv
GMD,quarter,2026-Q1,0.1464,0.0963,,17.39,2.42,0.3955,0.2963,1901138660589.48,PARTIAL,csv
GMD,quarter,2026-Q2,0.1934,0.1274,,12.83,2.43,0.4859,0.3628,2608949483883.5,PARTIAL,csv
GMD,year,2018,0.2463,0.1596,2.01,,1.32,0.4667,0.5474,0.47,PARTIAL,vnstock
GMD,year,2024,0.1389,0.0923,,9.95,1.55,0.3981,0.3069,1938839167128.32,PARTIAL,csv
GMD,year,2025,0.1376,0.0928,,17.8,2.41,0.3866,0.329,1779848915312.27,PARTIAL,csv
HCM,quarter,2024-Q1,0.1004,0.0478,,19.29,1.89,0.2639,1.3762,1014607490078.61,PARTIAL,csv
HCM,quarter,2024-Q2,0.1102,0.0476,,17.92,2.06,0.2701,1.6029,1245811038514.2,PARTIAL,csv
HCM,quarter,2024-Q3,0.1055,0.0402,,17.15,1.94,0.2507,2.253,1156712077687.7,PARTIAL,csv
HCM,quarter,2024-Q4,0.1109,0.0422,,16.93,1.83,0.2431,2.0007,1131246876654.47,PARTIAL,csv
HCM,quarter,2025-Q1,0.0954,0.0324,,18.43,1.94,0.2242,1.9544,1465330444824.64,PARTIAL,csv
HCM,quarter,2025-Q2,0.0847,0.0268,,22.63,2.11,0.1977,2.4306,1286125482278.34,PARTIAL,csv
HCM,quarter,2025-Q3,0.1046,0.0307,,20.07,2.01,0.2209,3.2131,1425803744262.31,PARTIAL,csv
HCM,quarter,2025-Q4,0.0943,0.0303,,18.45,1.99,0.2295,2.1973,1571968377506.32,PARTIAL,csv
HCM,quarter,2026-Q1,0.0999,0.0298,,19.59,2.03,0.2218,1.8098,1493594108146.58,PARTIAL,csv
HCM,quarter,2026-Q2,0.0977,0.0306,,19.96,1.99,0.2296,1.8183,1752983481519.76,PARTIAL,csv
HCM,year,2018,0.2872,0.139,3.21,,2.29,0.3632,1.0495,0.36,PARTIAL,vnstock
HCM,year,2024,0.1109,0.0422,,16.93,1.83,0.2431,2.0007,1131246876654.47,PARTIAL,csv
HCM,year,2025,0.0943,0.0303,,18.45,1.99,0.2295,2.1973,1571968377506.32,PARTIAL,csv
HDB,year,2018,0.1725,0.0124,3.93,,2.2,0.2681,11.0648,0.27,PARTIAL,vnstock
HPG,quarter,2024-Q1,0.0917,0.0504,,19.58,1.73,0.0754,0.9119,9308155752132.29,PARTIAL,csv
HPG,quarter,2024-Q2,0.1072,0.058,,15.49,1.59,0.0837,0.9011,11167376280941.2,PARTIAL,csv
HPG,quarter,2024-Q3,0.1138,0.0603,,13.57,1.48,0.0878,0.8911,12185577826190.95,PARTIAL,csv
HPG,quarter,2024-Q4,0.1107,0.0583,,13.75,1.45,0.0866,0.9581,12021443836064.02,PARTIAL,csv
HPG,quarter,2025-Q1,0.1105,0.0574,,15.82,1.68,0.0858,0.9396,12495139837500.89,PARTIAL,csv
HPG,quarter,2025-Q2,0.1155,0.0592,,16.2,1.79,0.0947,0.9796,13432363907399.06,PARTIAL,csv
HPG,quarter,2025-Q3,0.1202,0.0612,,14.53,1.67,0.1,0.9305,14397735749859.56,PARTIAL,csv
HPG,quarter,2025-Q4,0.1269,0.0641,,13.93,1.67,0.0994,0.9654,15453174006272.36,PARTIAL,csv
HPG,quarter,2026-Q1,0.1639,0.0839,,9.0,1.37,0.1238,0.8552,21102892555906.18,PARTIAL,csv
HPG,quarter,2026-Q2,0.1738,0.0891,,7.84,1.29,0.1226,0.971,23217424348837.35,PARTIAL,csv
HPG,year,2018,0.2763,0.1695,1.61,,1.64,0.1698,0.5812,0.17,PARTIAL,vnstock
HPG,year,2024,0.1107,0.0583,,13.75,1.45,0.0866,0.9581,12021443836064.02,PARTIAL,csv
HPG,year,2025,0.1269,0.0641,,13.93,1.67,0.0994,0.9654,15453174006272.36,PARTIAL,csv
HSG,quarter,2024-Q1,0.0813,0.047,,17.49,1.38,0.025,0.9692,876779417550.98,PARTIAL,csv
HSG,quarter,2024-Q2,0.1036,0.0584,,11.33,1.16,0.0305,0.7755,1145129103543.31,PARTIAL,csv
HSG,quarter,2024-Q3,0.0468,0.0257,,20.51,0.97,0.0131,0.7922,517695411524.65,PARTIAL,csv
HSG,quarter,2024-Q4,0.0525,0.0299,,14.98,0.78,0.0143,0.7805,580420317770.55,PARTIAL,csv
HSG,quarter,2025-Q1,0.0419,0.0243,,23.7,0.98,0.0117,0.5511,464988939037.39,PARTIAL,csv
HSG,quarter,2025-Q2,0.0418,0.0245,,24.43,1.01,0.0122,0.7005,466517858093.3,PARTIAL,csv
HSG,quarter,2025-Q3,0.0654,0.039,,13.77,0.89,0.0201,0.6715,735164733258.41,PARTIAL,csv
HSG,quarter,2025-Q4,0.0559,0.0308,,16.01,0.89,0.0181,0.8511,628388496317.99,PARTIAL,csv
HSG,quarter,2026-Q1,0.0483,0.0266,,17.02,0.81,0.0156,1.0232,547896730068.0,PARTIAL,csv
HSG,quarter,2026-Q2,0.0571,0.0307,,12.49,0.69,0.0184,0.8712,656268324251.27,PARTIAL,csv
HSG,year,2018,0.1709,0.0417,0.15,,0.75,0.0305,3.2917,0.03,PARTIAL,vnstock
HSG,year,2024,0.0525,0.0299,,14.98,0.78,0.0143,0.7805,580420317770.55,PARTIAL,csv
HSG,year,2025,0.0559,0.0308,,16.01,0.89,0.0181,0.8511,628388496317.99,PARTIAL,csv
KDH,quarter,2024-Q1,0.0443,0.0232,,52.0,2.25,0.2964,0.7476,584155067955.64,PARTIAL,csv
KDH,quarter,2024-Q2,0.0453,0.0232,,50.05,2.03,0.2992,0.802,678647790371.12,PARTIAL,csv
KDH,quarter,2024-Q3,0.033,0.0167,,65.62,2.03,0.2787,0.6738,526234556890.35,PARTIAL,csv
KDH,quarter,2024-Q4,0.0525,0.0283,,31.35,1.57,0.2451,0.5811,872498810341.28,PARTIAL,csv
KDH,quarter,2025-Q1,0.0531,0.0287,,34.85,1.8,0.2349,0.5434,906790724339.86,PARTIAL,csv
KDH,quarter,2025-Q2,0.0455,0.0255,,44.55,2.01,0.1908,0.5859,803608100462.71,PARTIAL,csv
KDH,quarter,2025-Q3,0.0541,0.0305,,33.88,1.81,0.2516,0.6234,962294653096.12,PARTIAL,csv
KDH,quarter,2025-Q4,0.0582,0.0323,,28.36,1.61,0.3497,0.61,1050683292352.41,PARTIAL,csv
KDH,quarter,2026-Q1,0.066,0.0349,,18.48,1.19,0.4346,0.852,1208260979394.98,PARTIAL,csv
KDH,quarter,2026-Q2,0.095,0.048,,10.08,0.95,0.7231,0.9765,1758482485145.91,PARTIAL,csv
KDH,year,2018,0.0909,0.0573,3.92,,1.93,0.1807,0.4538,0.18,PARTIAL,vnstock
KDH,year,2024,0.0525,0.0283,,31.35,1.57,0.2451,0.5811,872498810341.28,PARTIAL,csv
KDH,year,2025,0.0582,0.0323,,28.36,1.61,0.3497,0.61,1050683292352.41,PARTIAL,csv
MBB,quarter,2024-Q1,0.2148,0.0233,,5.97,1.24,0.4259,7.8873,20455280309447.36,PARTIAL,csv
MBB,quarter,2024-Q2,0.2164,0.0234,,6.35,1.37,0.4267,8.4863,21597386293678.41,PARTIAL,csv
MBB,quarter,2024-Q3,0.207,0.0221,,6.04,1.23,0.4217,8.3509,21511247623480.51,PARTIAL,csv
MBB,quarter,2024-Q4,0.2118,0.0218,,6.17,1.25,0.4085,8.643,22752381004809.35,PARTIAL,csv
MBB,quarter,2025-Q1,0.2169,0.0229,,6.62,1.38,0.4201,8.3544,24704244065066.42,PARTIAL,csv
MBB,quarter,2025-Q2,0.2049,0.0213,,8.88,1.78,0.3965,9.0908,24533979625175.24,PARTIAL,csv
MBB,quarter,2025-Q3,0.1938,0.0198,,9.0,1.72,0.3754,8.9824,24299877942127.81,PARTIAL,csv
MBB,quarter,2025-Q4,0.2067,0.0195,,8.0,1.57,0.3956,10.3768,26778938840461.56,PARTIAL,csv
MBB,quarter,2026-Q1,0.2007,0.019,,7.13,1.38,0.3972,9.7598,27726711858708.18,PARTIAL,csv
MBB,quarter,2026-Q2,0.2069,0.0191,,6.18,1.27,0.4121,10.055,32396304426783.77,PARTIAL,csv
MBB,year,2018,0.1415,0.0137,3.31,,1.44,0.2708,9.1949,0.27,PARTIAL,vnstock
MBB,year,2024,0.2118,0.0218,,6.17,1.25,0.4085,8.643,22752381004809.35,PARTIAL,csv
MBB,year,2025,0.2067,0.0195,,8.0,1.57,0.3956,10.3768,26778938840461.56,PARTIAL,csv
MSN,quarter,2024-Q1,0.0116,0.0021,,350.99,3.25,0.0244,2.7731,306531996394.73,PARTIAL,csv
MSN,quarter,2024-Q2,0.0248,0.0047,,164.48,3.43,0.0304,2.4079,702195630084.87,PARTIAL,csv
MSN,quarter,2024-Q3,0.0467,0.009,,68.75,3.11,0.0399,2.7467,1332611127455.55,PARTIAL,csv
MSN,quarter,2024-Q4,0.0704,0.0136,,43.5,2.78,0.0514,2.6215,1934220207620.96,PARTIAL,csv
MSN,quarter,2025-Q1,0.0737,0.0152,,49.59,3.52,0.0574,2.3039,2184246761178.53,PARTIAL,csv
MSN,quarter,2025-Q2,0.0917,0.0198,,44.34,3.66,0.067,1.9649,2690206954287.9,PARTIAL,csv
MSN,quarter,2025-Q3,0.1046,0.0248,,36.7,3.46,0.0742,1.8239,3175412189160.62,PARTIAL,csv
MSN,quarter,2025-Q4,0.1253,0.0297,,28.49,3.16,0.0829,1.8608,3918070749473.16,PARTIAL,csv
MSN,quarter,2026-Q1,0.1437,0.0393,,20.94,2.72,0.0894,1.8256,4769723601880.68,PARTIAL,csv
MSN,quarter,2026-Q2,0.1937,0.0538,,14.77,2.49,0.1029,1.8841,6763535694353.03,PARTIAL,csv
MSN,year,2018,0.1658,0.0573,2.28,,6.31,0.1169,2.1567,0.12,PARTIAL,vnstock
MSN,year,2024,0.0704,0.0136,,43.5,2.78,0.0514,2.6215,1934220207620.96,PARTIAL,csv
MSN,year,2025,0.1253,0.0297,,28.49,3.16,0.0829,1.8608,3918070749473.16,PARTIAL,csv
MWG,quarter,2024-Q1,0.0441,0.0174,,90.39,3.75,0.0086,1.4408,1048068185883.05,PARTIAL,csv
MWG,quarter,2024-Q2,0.0899,0.0355,,42.21,3.56,0.0173,1.4878,2202734842191.85,PARTIAL,csv
MWG,quarter,2024-Q3,0.1167,0.0463,,28.21,3.11,0.0227,1.4527,2963588751391.33,PARTIAL,csv
MWG,quarter,2024-Q4,0.1457,0.057,,22.44,3.01,0.0278,1.5048,3718504362991.82,PARTIAL,csv
MWG,quarter,2025-Q1,0.1586,0.0633,,23.18,3.46,0.0315,1.4497,4400795090332.82,PARTIAL,csv
MWG,quarter,2025-Q2,0.1704,0.0665,,25.48,4.2,0.0341,1.6986,4885610089404.28,PARTIAL,csv
MWG,quarter,2025-Q3,0.1968,0.0764,,21.6,4.02,0.0394,1.525,5846680712705.8,PARTIAL,csv
MWG,quarter,2025-Q4,0.2331,0.0911,,16.75,3.6,0.0454,1.5303,7011974332891.52,PARTIAL,csv
MWG,quarter,2026-Q1,0.2544,0.0997,,13.83,3.2,0.0498,1.3375,8193852125527.46,PARTIAL,csv
MWG,quarter,2026-Q2,0.292,0.1116,,10.88,2.99,0.0563,1.8861,9832809093491.36,PARTIAL,csv
MWG,year,2018,0.4251,0.1263,0.51,,5.16,0.0334,2.2552,0.03,PARTIAL,vnstock
MWG,year,2024,0.1457,0.057,,22.44,3.01,0.0278,1.5048,3718504362991.82,PARTIAL,csv
MWG,year,2025,0.2331,0.0911,,16.75,3.6,0.0454,1.5303,7011974332891.52,PARTIAL,csv
NKG,quarter,2024-Q1,0.059,0.026,,21.04,1.21,0.0165,1.3313,321613901418.77,PARTIAL,csv
NKG,quarter,2024-Q2,0.0749,0.0331,,13.71,0.98,0.0211,1.2285,415853523377.82,PARTIAL,csv
NKG,quarter,2024-Q3,0.0808,0.0352,,9.43,0.8,0.0222,1.3547,628814124159.99,PARTIAL,csv
NKG,quarter,2024-Q4,0.0802,0.0352,,8.68,0.71,0.022,1.3025,608423924129.94,PARTIAL,csv
NKG,quarter,2025-Q1,0.0589,0.0271,,12.55,0.84,0.019,0.8914,502821200832.02,PARTIAL,csv
NKG,quarter,2025-Q2,0.0358,0.0166,,25.52,1.0,0.0137,1.1758,298165960745.59,PARTIAL,csv
NKG,quarter,2025-Q3,0.0315,0.0148,,27.31,0.92,0.0139,1.158,255639815979.33,PARTIAL,csv
NKG,quarter,2025-Q4,0.0292,0.0131,,32.06,0.87,0.0133,1.1602,206612153184.02,PARTIAL,csv
NKG,quarter,2026-Q1,0.0202,0.0094,,37.71,0.76,0.011,1.096,154049478308.87,PARTIAL,csv
NKG,quarter,2026-Q2,0.0218,0.0099,,29.23,0.64,0.0115,1.4033,166581145992.19,PARTIAL,csv
NKG,year,2018,0.2684,0.0767,0.19,,0.62,0.0487,2.0096,0.05,PARTIAL,vnstock
NKG,year,2024,0.0802,0.0352,,8.68,0.71,0.022,1.3025,608423924129.94,PARTIAL,csv
NKG,year,2025,0.0292,0.0131,,32.06,0.87,0.0133,1.1602,206612153184.02,PARTIAL,csv
NLG,quarter,2024-Q1,0.0435,0.0143,,41.31,1.78,0.2283,1.1539,400551027047.88,PARTIAL,csv
NLG,quarter,2024-Q2,0.0458,0.0148,,36.0,1.66,0.2643,1.2341,424278974641.19,PARTIAL,csv
NLG,quarter,2024-Q3,0.0329,0.0104,,40.7,1.36,0.2177,1.2522,305595878262.92,PARTIAL,csv
NLG,quarter,2024-Q4,0.0543,0.0176,,21.55,1.15,0.1928,1.081,518294480529.97,PARTIAL,csv
NLG,quarter,2025-Q1,0.0743,0.0237,,21.32,1.53,0.1886,0.981,703507135175.87,PARTIAL,csv
NLG,quarter,2025-Q2,0.0687,0.0225,,23.2,1.58,0.1704,0.9843,657982570026.41,PARTIAL,csv
NLG,quarter,2025-Q3,0.0879,0.0296,,14.21,1.22,0.1721,0.9758,1058294379230.07,PARTIAL,csv
NLG,quarter,2025-Q4,0.0628,0.0247,,16.03,1.11,0.1676,0.792,876123049618.78,PARTIAL,csv
NLG,quarter,2026-Q1,0.0589,0.0243,,15.81,0.96,0.1679,0.7367,776105722836.03,PARTIAL,csv
NLG,quarter,2026-Q2,0.0517,0.0232,,17.11,0.94,0.1734,0.7516,683101544393.41,PARTIAL,csv
NLG,year,2018,0.1498,0.0704,1.87,,1.64,0.231,1.0694,0.23,PARTIAL,vnstock
NLG,year,2024,0.0543,0.0176,,21.55,1.15,0.1928,1.081,518294480529.97,PARTIAL,csv
NLG,year,2025,0.0628,0.0247,,16.03,1.11,0.1676,0.792,876123049618.78,PARTIAL,csv
PLX,quarter,2024-Q1,0.1268,0.0407,,18.02,2.18,0.0125,1.6633,3265278023116.11,PARTIAL,csv
PLX,quarter,2024-Q2,0.1412,0.0463,,15.44,2.22,0.0135,1.6135,3657871487956.12,PARTIAL,csv
PLX,quarter,2024-Q3,0.1151,0.0392,,16.92,1.98,0.0118,1.4477,2985575516129.34,PARTIAL,csv
PLX,quarter,2024-Q4,0.1112,0.0359,,14.77,1.64,0.0111,1.7731,2889803702546.73,PARTIAL,csv
PLX,quarter,2025-Q1,0.0757,0.0255,,24.43,1.82,0.0081,1.7112,1950244459836.45,PARTIAL,csv
PLX,quarter,2025-Q2,0.0822,0.0265,,20.22,1.7,0.0085,2.0934,2110967249577.1,PARTIAL,csv
PLX,quarter,2025-Q3,0.1033,0.0312,,23.2,2.4,0.0099,2.1687,2655793977517.64,PARTIAL,csv
PLX,quarter,2025-Q4,0.1024,0.032,,18.9,1.93,0.0098,1.9043,2675260283045.73,PARTIAL,csv
PLX,quarter,2026-Q1,0.0695,0.0192,,26.29,1.84,0.0063,2.6724,1778871791934.52,PARTIAL,csv
PLX,quarter,2026-Q2,0.1246,0.0345,,14.8,1.87,0.0094,2.0276,3270692963427.66,PARTIAL,csv
PLX,year,2018,0.1388,0.054,0.43,,3.72,0.0235,1.6721,0.02,PARTIAL,vnstock
PLX,year,2024,0.1112,0.0359,,14.77,1.64,0.0111,1.7731,2889803702546.73,PARTIAL,csv
PLX,year,2025,0.1024,0.032,,18.9,1.93,0.0098,1.9043,2675260283045.73,PARTIAL,csv
PNJ,quarter,2024-Q1,0.2016,0.1454,,16.42,3.12,0.0546,0.2382,1990531332673.13,PARTIAL,csv
PNJ,quarter,2024-Q2,0.203,0.1536,,15.3,2.97,0.0529,0.2103,2092120434037.34,PARTIAL,csv
PNJ,quarter,2024-Q3,0.194,0.1456,,15.77,3.06,0.0516,0.4217,2044467671618.77,PARTIAL,csv
PNJ,quarter,2024-Q4,0.2006,0.1336,,11.35,2.15,0.0559,0.5289,2128903596475.29,PARTIAL,csv
PNJ,quarter,2025-Q1,0.1857,0.1313,,14.35,2.52,0.0589,0.485,2062853470195.18,PARTIAL,csv
PNJ,quarter,2025-Q2,0.1813,0.1235,,13.85,2.4,0.0626,0.4331,2086699827462.42,PARTIAL,csv
PNJ,quarter,2025-Q3,0.1995,0.1361,,14.69,2.87,0.069,0.4218,2357270942020.68,PARTIAL,csv
PNJ,quarter,2025-Q4,0.2306,0.1514,,13.08,2.81,0.0809,0.5189,2848832571881.71,PARTIAL,csv
PNJ,quarter,2026-Q1,0.2803,0.1954,,6.61,1.67,0.085,0.3674,3629774296022.32,PARTIAL,csv
PNJ,quarter,2026-Q2,0.184,0.1244,,7.69,1.4,0.0562,0.6049,2446253233228.73,PARTIAL,csv
PNJ,year,2018,0.3065,0.1935,1.29,,3.21,0.0678,0.4656,0.07,PARTIAL,vnstock
PNJ,year,2024,0.2006,0.1336,,11.35,2.15,0.0559,0.5289,2128903596475.29,PARTIAL,csv
PNJ,year,2025,0.2306,0.1514,,13.08,2.81,0.0809,0.5189,2848832571881.71,PARTIAL,csv
POW,quarter,2024-Q1,0.0262,0.0122,,43.48,1.14,0.0335,1.1421,818678825504.63,PARTIAL,csv
POW,quarter,2024-Q2,0.0346,0.0151,,27.64,0.95,0.0417,1.3693,1084508408771.99,PARTIAL,csv
POW,quarter,2024-Q3,0.0443,0.0184,,19.51,0.85,0.0554,1.3293,1398200104213.9,PARTIAL,csv
POW,quarter,2024-Q4,0.0351,0.0148,,24.86,0.86,0.04,1.3043,1111588278971.02,PARTIAL,csv
POW,quarter,2025-Q1,0.04,0.0159,,25.54,1.01,0.0455,1.3046,1279042370959.64,PARTIAL,csv
POW,quarter,2025-Q2,0.0461,0.0182,,22.56,1.02,0.0555,1.4076,1489696569265.35,PARTIAL,csv
POW,quarter,2025-Q3,0.0581,0.0229,,21.59,1.23,0.0671,1.3515,2074451869052.11,PARTIAL,csv
POW,quarter,2025-Q4,0.0733,0.0288,,15.31,1.08,0.0877,1.381,2615010285652.93,PARTIAL,csv
POW,quarter,2026-Q1,0.0915,0.0358,,12.57,1.13,0.0997,1.3189,3442021908487.27,PARTIAL,csv
POW,quarter,2026-Q2,0.1616,0.0633,,6.15,0.94,0.1336,1.3911,6286994060803.68,PARTIAL,csv
POW,year,2018,0.0865,0.0382,1.0,,1.11,0.091,1.2264,0.09,PARTIAL,vnstock
POW,year,2024,0.0351,0.0148,,24.86,0.86,0.04,1.3043,1111588278971.02,PARTIAL,csv
POW,year,2025,0.0733,0.0288,,15.31,1.08,0.0877,1.381,2615010285652.93,PARTIAL,csv
REE,quarter,2024-Q1,0.1133,0.0554,,17.38,1.92,0.2838,0.6851,1923227966957.78,PARTIAL,csv
REE,quarter,2024-Q2,0.1033,0.0513,,17.33,1.75,0.2561,0.6352,1791061260622.71,PARTIAL,csv
REE,quarter,2024-Q3,0.1029,0.0518,,16.91,1.69,0.2658,0.6362,1821456283062.57,PARTIAL,csv
REE,quarter,2024-Q4,0.1101,0.0559,,15.46,1.63,0.2858,0.6194,1995761064568.02,PARTIAL,csv
REE,quarter,2025-Q1,0.1142,0.0591,,17.46,1.9,0.3092,0.5882,2124633279024.9,PARTIAL,csv
REE,quarter,2025-Q2,0.1255,0.0656,,14.83,1.81,0.3352,0.576,2392745220320.08,PARTIAL,csv
REE,quarter,2025-Q3,0.132,0.0697,,13.04,1.66,0.3445,0.5835,2586858345097.19,PARTIAL,csv
REE,quarter,2025-Q4,0.1269,0.0662,,13.9,1.68,0.3147,0.6161,2529125816259.24,PARTIAL,csv
REE,quarter,2026-Q1,0.1283,0.0674,,10.92,1.36,0.3142,0.6335,2631397141711.62,PARTIAL,csv
REE,quarter,2026-Q2,0.1255,0.0659,,11.1,1.35,0.321,0.6051,2641877795387.9,PARTIAL,csv
REE,year,2018,0.1713,0.1051,2.16,,1.35,0.3208,0.7103,0.32,PARTIAL,vnstock
REE,year,2024,0.1101,0.0559,,15.46,1.63,0.2858,0.6194,1995761064568.02,PARTIAL,csv
REE,year,2025,0.1269,0.0662,,13.9,1.68,0.3147,0.6161,2529125816259.24,PARTIAL,csv
SAB,quarter,2024-Q1,0.1679,0.1245,,17.32,2.85,0.136,0.2151,4147569827853.91,PARTIAL,csv
SAB,quarter,2024-Q2,0.1721,0.1267,,17.32,3.08,0.1405,0.3591,4236613961930.14,PARTIAL,csv
SAB,quarter,2024-Q3,0.1756,0.1301,,16.21,2.8,0.1421,0.2293,4311302178154.67,PARTIAL,csv
SAB,quarter,2024-Q4,0.1823,0.1283,,14.42,2.68,0.141,0.3684,4330113031378.31,PARTIAL,csv
SAB,quarter,2025-Q1,0.1717,0.1256,,14.92,2.56,0.14,0.2348,4125957796685.86,PARTIAL,csv
SAB,quarter,2025-Q2,0.1745,0.1252,,14.25,2.72,0.1438,0.4513,4085165739965.83,PARTIAL,csv
SAB,quarter,2025-Q3,0.1893,0.1335,,15.92,3.04,0.1588,0.2788,4326609714552.82,PARTIAL,csv
SAB,quarter,2025-Q4,0.1991,0.134,,13.38,2.8,0.1766,0.4173,4423539822550.18,PARTIAL,csv
SAB,quarter,2026-Q1,0.2201,0.1505,,12.47,2.69,0.1891,0.2758,4815264674888.78,PARTIAL,csv
SAB,quarter,2026-Q2,0.2228,0.1509,,11.9,2.9,0.1883,0.4785,4774550067404.25,PARTIAL,csv
SAB,year,2018,0.3161,0.2294,3.84,,9.15,0.148,0.3352,0.15,PARTIAL,vnstock
SAB,year,2024,0.1823,0.1283,,14.42,2.68,0.141,0.3684,4330113031378.31,PARTIAL,csv
SAB,year,2025,0.1991,0.134,,13.38,2.8,0.1766,0.4173,4423539822550.18,PARTIAL,csv
SSI,quarter,2024-Q1,0.1118,0.0425,,20.25,2.17,0.3345,1.7263,2566809663685.35,PARTIAL,csv
SSI,quarter,2024-Q2,0.1205,0.0435,,17.64,2.01,0.3431,1.8627,3075040700250.06,PARTIAL,csv
SSI,quarter,2024-Q3,0.1222,0.043,,15.15,1.79,0.3496,1.7444,3101304217662.65,PARTIAL,csv
SSI,quarter,2024-Q4,0.1139,0.0397,,15.17,1.71,0.3336,1.7401,3013499109924.77,PARTIAL,csv
SSI,quarter,2025-Q1,0.1133,0.0395,,19.25,2.12,0.3356,2.0337,3046792740137.4,PARTIAL,csv
SSI,quarter,2025-Q2,0.1138,0.0385,,26.16,2.68,0.3238,2.2156,3253103240828.61,PARTIAL,csv
SSI,quarter,2025-Q3,0.1306,0.0424,,18.09,2.22,0.3226,2.2222,4592468888950.65,PARTIAL,csv
SSI,quarter,2025-Q4,0.1401,0.049,,14.65,1.87,0.3176,1.933,4879583565593.72,PARTIAL,csv
SSI,quarter,2026-Q1,0.1386,0.0478,,11.86,1.61,0.3255,1.3473,5386441139731.94,PARTIAL,csv
SSI,quarter,2026-Q2,0.1341,0.05,,12.21,1.58,0.3366,1.3686,5261167137043.89,PARTIAL,csv
SSI,year,2018,0.1453,0.0699,4.34,,1.64,0.3797,1.3166,0.38,PARTIAL,vnstock
SSI,year,2024,0.1139,0.0397,,15.17,1.71,0.3336,1.7401,3013499109924.77,PARTIAL,csv
SSI,year,2025,0.1401,0.049,,14.65,1.87,0.3176,1.933,4879583565593.72,PARTIAL,csv
TCB,quarter,2024-Q1,0.152,0.0243,,8.14,1.18,0.4585,5.4237,19737258886899.39,PARTIAL,csv
TCB,quarter,2024-Q2,0.1604,0.0251,,7.99,1.25,0.4556,5.5557,21472325299224.47,PARTIAL,csv
TCB,quarter,2024-Q3,0.1636,0.0253,,7.36,1.16,0.4662,5.4215,22648509772197.0,PARTIAL,csv
TCB,quarter,2024-Q4,0.154,0.0235,,8.51,1.26,0.458,5.6162,21578279922254.65,PARTIAL,csv
TCB,quarter,2025-Q1,0.1453,0.0223,,11.65,1.64,0.4586,5.4255,21289563058470.54,PARTIAL,csv
TCB,quarter,2025-Q2,0.1401,0.0217,,13.52,1.83,0.4665,5.4121,21380296720617.42,PARTIAL,csv
TCB,quarter,2025-Q3,0.1367,0.0213,,11.73,1.57,0.4566,5.2953,22042454836248.65,PARTIAL,csv
TCB,quarter,2025-Q4,0.1545,0.0233,,8.9,1.33,0.4737,5.6425,25347397897430.05,PARTIAL,csv
TCB,quarter,2026-Q1,0.1471,0.0229,,8.76,1.29,0.4691,5.3769,26052450274345.61,PARTIAL,csv
TCB,quarter,2026-Q2,0.1476,0.0227,,8.25,1.25,0.4703,5.736,27136067578949.7,PARTIAL,csv
TCB,year,2018,0.256,0.0313,5.45,,2.05,0.4683,5.3337,0.47,PARTIAL,vnstock
TCB,year,2024,0.154,0.0235,,8.51,1.26,0.458,5.6162,21578279922254.65,PARTIAL,csv
TCB,year,2025,0.1545,0.0233,,8.9,1.33,0.4737,5.6425,25347397897430.05,PARTIAL,csv
VCB,quarter,2024-Q1,0.1997,0.0185,,15.01,2.82,0.4907,9.2164,32626763830685.68,PARTIAL,csv
VCB,quarter,2024-Q2,0.1951,0.0184,,15.33,2.81,0.5067,9.4877,33323354827090.06,PARTIAL,csv
VCB,quarter,2024-Q3,0.1939,0.0186,,14.8,2.69,0.5181,9.1545,34621033764687.52,PARTIAL,csv
VCB,quarter,2024-Q4,0.1873,0.0172,,14.82,2.56,0.4933,9.6309,33831385846200.24,PARTIAL,csv
VCB,quarter,2025-Q1,0.1756,0.0169,,15.36,2.55,0.4951,9.292,33947618845660.0,PARTIAL,csv
VCB,quarter,2025-Q2,0.1722,0.0166,,15.21,2.47,0.4974,9.3749,34660089842359.1,PARTIAL,csv
VCB,quarter,2025-Q3,0.1677,0.016,,18.08,2.85,0.4953,9.6745,35113990840234.72,PARTIAL,csv
VCB,quarter,2025-Q4,0.1672,0.0155,,14.23,2.23,0.4855,9.8759,35177662840040.21,PARTIAL,csv
VCB,quarter,2026-Q1,0.1606,0.015,,13.76,2.11,0.4706,9.9001,35937999974080.94,PARTIAL,csv
VCB,quarter,2026-Q2,0.1792,0.0166,,12.02,2.01,0.4907,9.6943,41648390970065.03,PARTIAL,csv
VCB,year,2018,0.1919,0.011,6.36,,3.64,0.3241,16.9059,0.32,PARTIAL,vnstock
VCB,year,2024,0.1873,0.0172,,14.82,2.56,0.4933,9.6309,33831385846200.24,PARTIAL,csv
VCB,year,2025,0.1672,0.0155,,14.23,2.23,0.4855,9.8759,35177662840040.21,PARTIAL,csv
VCI,quarter,2024-Q1,0.0816,0.0361,,33.97,2.57,0.2218,1.3901,623037506595.44,PARTIAL,csv
VCI,quarter,2024-Q2,0.0983,0.0406,,26.87,2.38,0.2438,1.6083,784746239754.63,PARTIAL,csv
VCI,quarter,2024-Q3,0.0987,0.0406,,23.3,1.81,0.2328,1.3623,981469158393.86,PARTIAL,csv
VCI,quarter,2024-Q4,0.0897,0.0415,,23.73,2.02,0.2464,1.0543,1104496698296.99,PARTIAL,csv
VCI,quarter,2025-Q1,0.0937,0.043,,25.98,2.38,0.2695,0.8861,1158243642040.21,PARTIAL,csv
VCI,quarter,2025-Q2,0.0783,0.0394,,31.41,2.49,0.229,0.7604,989079126958.02,PARTIAL,csv
VCI,quarter,2025-Q3,0.0883,0.0438,,22.65,1.82,0.2509,1.3455,1332620345832.79,PARTIAL,csv
VCI,quarter,2025-Q4,0.0867,0.0429,,21.12,1.77,0.2695,0.9992,1505275061294.56,PARTIAL,csv
VCI,quarter,2026-Q1,0.0919,0.0445,,17.8,1.55,0.2507,1.142,1514444093849.96,PARTIAL,csv
VCI,quarter,2026-Q2,0.0893,0.0408,,15.47,1.38,0.262,1.3181,1538155017566.73,PARTIAL,csv
VCI,year,2018,0.3255,0.1517,4.78,,1.8,0.4733,0.9982,0.47,PARTIAL,vnstock
VCI,year,2024,0.0897,0.0415,,23.73,2.02,0.2464,1.0543,1104496698296.99,PARTIAL,csv
VCI,year,2025,0.0867,0.0429,,21.12,1.77,0.2695,0.9992,1505275061294.56,PARTIAL,csv
VHM,quarter,2024-Q1,0.1252,0.0514,,7.59,0.92,0.2707,1.3672,22092843938971.4,PARTIAL,csv
VHM,quarter,2024-Q2,0.1275,0.0511,,8.48,1.03,0.2979,1.3846,23296168935887.36,PARTIAL,csv
VHM,quarter,2024-Q3,0.1086,0.0424,,8.05,0.82,0.2734,1.4295,20420389672746.57,PARTIAL,csv
VHM,quarter,2024-Q4,0.1665,0.063,,7.82,1.17,0.3428,1.5559,30185277556918.63,PARTIAL,csv
VHM,quarter,2025-Q1,0.168,0.0627,,11.43,1.78,0.3353,1.5135,31897850315640.17,PARTIAL,csv
VHM,quarter,2025-Q2,0.1472,0.0525,,18.18,2.45,0.3419,1.8364,28686773545527.66,PARTIAL,csv
VHM,quarter,2025-Q3,0.1266,0.0417,,20.59,2.39,0.3567,2.2702,25191735738633.16,PARTIAL,csv
VHM,quarter,2025-Q4,0.1901,0.062,,13.43,2.36,0.2827,2.1613,41895255040855.98,PARTIAL,csv
VHM,quarter,2026-Q1,0.2783,0.0841,,8.93,2.21,0.3271,2.1886,64758247062835.74,PARTIAL,csv
VHM,quarter,2026-Q2,0.3258,0.0902,,7.3,2.21,0.3583,2.9091,79933265038713.48,PARTIAL,csv
VHM,year,2018,0.0,0.0,0.0,,0.0,0.322,0.0,0.32,PARTIAL,vnstock
VHM,year,2024,0.1665,0.063,,7.82,1.17,0.3428,1.5559,30185277556918.63,PARTIAL,csv
VHM,year,2025,0.1901,0.062,,13.43,2.36,0.2827,2.1613,41895255040855.98,PARTIAL,csv
VIC,quarter,2024-Q1,0.0732,0.0138,,18.1,1.22,0.0194,3.399,8820341187178.94,PARTIAL,csv
VIC,quarter,2024-Q2,0.0285,0.0053,,45.51,1.24,0.0223,3.4494,3541273787393.54,PARTIAL,csv
VIC,quarter,2024-Q3,0.074,0.0133,,16.31,1.14,0.0296,3.8185,9421816723472.13,PARTIAL,csv
VIC,quarter,2024-Q4,0.0948,0.0158,,22.97,1.96,0.0279,4.4383,11734478056232.27,PARTIAL,csv
VIC,quarter,2025-Q1,0.0802,0.0138,,40.04,2.99,0.0246,4.2287,10792305099476.28,PARTIAL,csv
VIC,quarter,2025-Q2,0.0964,0.0159,,60.77,5.66,0.0304,5.0383,13435080095567.4,PARTIAL,csv
VIC,quarter,2025-Q3,0.062,0.0096,,139.64,8.47,0.0379,5.7192,8840898828473.52,PARTIAL,csv
VIC,quarter,2025-Q4,0.0797,0.0116,,120.58,9.24,0.0333,6.3842,11311399057425.1,PARTIAL,csv
VIC,quarter,2026-Q1,0.0795,0.0107,,145.4,11.45,0.041,6.6686,11691050850449.97,PARTIAL,csv
VIC,quarter,2026-Q2,0.139,0.0181,,87.63,10.95,0.0648,5.8313,21364625492979.48,PARTIAL,csv
VIC,year,2018,0.0836,0.0205,3.28,,8.45,0.0565,2.7607,0.06,PARTIAL,vnstock
VIC,year,2024,0.0948,0.0158,,22.97,1.96,0.0279,4.4383,11734478056232.27,PARTIAL,csv
VIC,year,2025,0.0797,0.0116,,120.58,9.24,0.0333,6.3842,11311399057425.1,PARTIAL,csv
VND,quarter,2024-Q1,0.1556,0.0601,,8.59,1.28,0.3751,1.4144,2915866635792.52,PARTIAL,csv
VND,quarter,2024-Q2,0.1454,0.057,,8.39,1.17,0.3706,1.6124,2747933857608.89,PARTIAL,csv
VND,quarter,2024-Q3,0.13,0.0533,,6.55,0.88,0.3784,1.2245,2614019949186.03,PARTIAL,csv
VND,quarter,2024-Q4,0.0949,0.0399,,12.16,1.16,0.3227,1.2467,1877244145656.38,PARTIAL,csv
VND,quarter,2025-Q1,0.0775,0.0325,,17.49,1.35,0.2855,1.4924,1554051061789.06,PARTIAL,csv
VND,quarter,2025-Q2,0.0764,0.0325,,23.46,1.81,0.2751,1.4409,1515478874666.2,PARTIAL,csv
VND,quarter,2025-Q3,0.0966,0.0389,,16.24,1.53,0.3006,1.7266,1931407909654.9,PARTIAL,csv
VND,quarter,2025-Q4,0.0996,0.0422,,12.65,1.22,0.3045,1.4699,2022085027289.94,PARTIAL,csv
VND,quarter,2026-Q1,0.1059,0.0429,,12.33,1.26,0.3039,1.2363,2184890510821.33,PARTIAL,csv
VND,quarter,2026-Q2,0.128,0.0525,,8.57,1.08,0.3688,1.3267,2698932822089.11,PARTIAL,csv
VND,year,2018,0.1793,0.0539,2.75,,1.05,0.3091,2.6684,0.31,PARTIAL,vnstock
VND,year,2024,0.0949,0.0399,,12.16,1.16,0.3227,1.2467,1877244145656.38,PARTIAL,csv
VND,year,2025,0.0996,0.0422,,12.65,1.22,0.3045,1.4699,2022085027289.94,PARTIAL,csv
VNM,quarter,2024-Q1,0.2886,0.1752,,15.04,4.35,0.1539,0.4401,9211746125223.75,PARTIAL,csv
VNM,quarter,2024-Q2,0.3013,0.1814,,14.5,4.09,0.1578,0.4136,9683409957962.93,PARTIAL,csv
VNM,quarter,2024-Q3,0.2969,0.1775,,13.42,4.1,0.1559,0.6365,9594675047841.71,PARTIAL,csv
VNM,quarter,2024-Q4,0.2936,0.1744,,12.53,3.65,0.153,0.5218,9392310356253.24,PARTIAL,csv
VNM,quarter,2025-Q1,0.2663,0.158,,14.38,3.74,0.1458,0.4623,8766125578767.33,PARTIAL,csv
VNM,quarter,2025-Q2,0.2655,0.1537,,15.49,4.18,0.1422,0.5491,8570235859472.98,PARTIAL,csv
VNM,quarter,2025-Q3,0.2637,0.1573,,16.28,4.15,0.1407,0.467,8693483313478.26,PARTIAL,csv
VNM,quarter,2025-Q4,0.2989,0.1737,,13.61,4.18,0.1479,0.546,9410201646671.29,PARTIAL,csv
VNM,quarter,2026-Q1,0.3174,0.187,,11.4,3.56,0.1538,0.5108,10270439271716.24,PARTIAL,csv
VNM,quarter,2026-Q2,0.3386,0.1976,,11.67,4.01,0.1592,0.6108,10962885104073.49,PARTIAL,csv
VNM,year,2018,0.4068,0.3014,4.78,,9.48,0.1962,0.3438,0.2,PARTIAL,vnstock
VNM,year,2024,0.2936,0.1744,,12.53,3.65,0.153,0.5218,9392310356253.24,PARTIAL,csv
VNM,year,2025,0.2989,0.1737,,13.61,4.18,0.1479,0.546,9410201646671.29,PARTIAL,csv
